Universidade Federal do Acre (UFAC),
Instituto Federal do Acre (IFAC),
União Educacional do Norte (UNINORTE),
Faculdade da Amazônia Ocidental (FAAO),
Faculdade de Educ. Superior Acriano Euclides da Cunha (INEC),
Faculdade Diocesana São José (FADISI),
Faculdade Meta (FAMETA),
Instituto de Ensino Superior do Acre (IESACRE),
Faculdade de Teologia e Filosofia (SINAL),
Faculdade São Lucas (FSL),
Inst. de Educ. Ciência e Tecnologia do Vale do Juruá (IEVAL),
Universidade Federal de Alagoas (UFAL),
Universidade Est. de Ciências da Saúde de Alagoas (UNCISAL),
Instituto Federal de Alagoas (IFAL),
Centro de Estudos Superiores de Maceió (CESMAC),
Instituto de Ensino Superior de Alagoas (IESA),
Instituto Batista de Ensino Superior de Alagoas (IBESA),
União de Faculdades de Alagoas (UNIFAL),
Faculdade da Cidade de Maceió (FACIMA),
Faculdade Algoana de Administração (FAA),
Faculdade Figueiredo Costa (FIC),
Faculdade de Ciências Contábeis Maceió (SEUNE),
Fundaçao Educ. do Baixo S. F. Raimundo Marinho (FRM),
Faculdade de Ciências Jurídicas e Sociais de Maceió (FAMA),
Faculdade de Tecnologia de Alagoas (FAT),
Faculdade Integrada Tiradantes (FITS),
Faculdade Maurício de Nassau,
Faculdades COC de Maceió (FACOCMA),
Instituto de Ensino Superior do Nordeste (IESNE),
Instituto de Pós-Graduação & Graduação (IPOG),
Universidade Estácio de Sá,
Universidade Estadual de Alagoas (UNEAL),
Universidade Federal de Alagoas (UFAL),
Centro de Ensino Sup. Arcanjo Mikael de Arapiraca (CESAMA),
Instituto de Ensino Superior Santa Cecília (IESC),
Faculdade São Tomás de Aquino (FACESTA),
Faculdade São Vicente (FASVIPA),
Fundaçao Educ. do Baixo S. F. Raimundo Marinho (FRM),
Universidade do Amazonas (UFAM),
Universidade do Estado do Amazonas (UEA),
Instituto Federal do Amazonas (IFAM),
Instituto Federal De Educ. Ciência e Tec. do Amazonas (IFAM),
Universidade Federal do Amazonas (UFAM),
Escola Superior Batista do Amazonas (ESBAM),
Centro Universitário de Ensino Superior do Amazonas (CIESA),
Centro Universitário do Norte (UNINORTE),
Centro Universitário Nilton Lins (UNINILTONLINS),
Fac. Boas Novas de Cs. Teológicas Sociais e Biotec. (FBNCYSB),
Faculdade de Odontologia de Manaus (FOM),
Faculdade de Odontologia São Leopoldo Mandic (SLMANDIC),
Faculdade La Salle,
Faculdade Literatus (FAL),
Faculdade Martha Falcão (FMF),
Faculdade Metropolitana de Manaus (FAMETRO),
Faculdade Táhirih (FT),
Instituto de Ensino Superior FUCAPI (CESF),
Instituto de Ensino Superior Materdei (IES - MATERDEI),
Universidade Luterana do Brasil (ULBRA),
Instituto de Pós-Graduação & Graduação (IPOG),
Universidade Federal do Amapá (UNIFAP),
Universidade Estadual do Amapá (UEAP),
Instituto Federal do Amapá (IFAP),
Centro de Ensino Superior do Amapá (CEAP),
Faculdade Atual (FAAT),
Faculdade Brasil Norte (FABRAN),
Faculdade de Macapá (FAMA),
Faculdade de Tecnologia do Amapá (META),
Faculdade de Tecnologia Apoena (FTA),
Faculdade de Teologia e Ciências Humanas (FATECH),
Faculdade de Ensino Superior da Amazônia (FESAM),
Faculdade SEAMA,
Instituto de Ensino Superior do Amapá (ISEAP),
Instituto Macapaense de Ensino Superior (IMMES),
Universidade Estácio de Sá,
Instituto Federal do Amapá (IFAP),
Faculdade Madre Tereza (FAMAT),
Universidade Federal da Bahia (UFBA),
Universidade do Estado da Bahia (UNEB),
Universidade Salvador (UNIFACS),
Escola Bahiana de Medicina e Saúde Pública (EBMSP),
Escola de Administração do Exército (ESAEX),
Instituto Federal da Bahia (IFBA),
Centro Universitário Jorge Amado (UNIJORGE),
Escola de Engenharia de Agrimensura (EEA),
Faculdade Bahiana de Direito e Gestão,
Faculdade Batista Brasileira (FBB),
Faculdade Castro Alves (FCA),
Faculdade Católica de Ciências Econômicas da Bahia (FACCEBA),
Faculdade Cidade do Salvador (FCS),
Faculdade de Artes  Ciências e Tecnologias (FACET)      ,
Faculdade de Ciências Contábeis (FACIC),
Faculdade de Ciências da Bahia (FACIBA),
Faculdade de Ciências Gerenciais da Bahia (FCGB),
Faculdade de Tecnología e Ciências (FTC SALVADOR),
Faculdade Hélio Rocha (FHR),
Faculdade Isaac Newton (FACINE),
Faculdade Maurício de Nassau,
Faculdade Montessoriano (FAMA),
Faculdade Parque (FAP),
Faculdade Regional da Bahia (FARB),
Faculdade Ruy Barbosa (FRBA),
Faculdade São Bento,
Faculdade São Camilo,
Faculdade São Salvador (FSS),
Faculdade Sartre COC (FACOC),
Faculdade Social da Bahia (FSBA),
Faculdades Integradas Olga Mettig (FAMETTIG),
Faculdade Vasco da Gama (FVG),
Instituto de Educação e Tecnologias (INET),
Instituto de Educação Superior Unyahna de Salvador (IESUS),
Instituto Superior de Educação Ocidente (OCIDEMNTE),
Instituto Superior de Educação Eugênio Gomes (ISEGO),
Universidade Católica do Salvador (UCSAL),
Universidade Estácio de Sá,
União das Instituições Eduçacionais do Estado de São Paulo (UNIESP),
Instituto de Pós-Graduação & Graduação (IPOG),
Faculdade Santíssimo Sacramento (FSSS),
Faculdade Santo Antonio (FSA),
Faculdade Jão Calvino (FACINE),
Faculdade Juvêncio Terra (FJC),
Faculdade São Francisco de Barreiras (FASB),
Instituto de Educação Superior Unyahna de Salvador (IESUS),
Faculdade Metropolitana de Camaçari (FAMEC),
Faculdade de Ciências Educacionais Capim Grosso (FACE),
Faculdade Presbiteriana Augusto Galvão (FAPAG),
Universidade Federal do Recôncavo da Bahia (UFRB),
Faculdade de Ciência e Tecnologia Albert Einstein (FACTAE),
Faculdade Maria Milza (FANAM),
Faculdades Integradas do Extramo Sul da Bahia (UNISULBAHIA),
Universidade Estadual de Feira de Santana (UEFS),
Universidade Salvador (UNIFACS),
Escola de Nogócios do Estado da Bahia (ENEB),
Faculdade Anísio Teixeira de Feira de Santana (FAT),
Faculdade de Tecnología e Ciências de Feira de Santana (FTC),
Faculdade de Ensino Sup. da Cidade de F. de Santana (FAESF/UNEF),
Faculdade de Guanambi,
Faculdade Montenegro (FAM),
Centro de Ensino Superior de Ilhéus (CESUPI),
Faculdade Madre Thais (FMT),
Faculdade Santo Aghostino (FACSA),
Instituto Superior de Educação Eugênio Gomes (ISEGO),
Universidade Estadual de Santa Cruz (UESC),
Faculdade de Ciências Sociais Aplicadas (FACISA),
Univ. Estadual do Sudoeste Bahia (UESB),
Univ. Estadual do Sudoeste Bahia (UESB),
Faculdade Integrada Euclides Fernandes (FAJ),
Universidade Federal do Vale do São Francisco (UNIVASF),
Faculdade São Francisco de Juazeiro (FASJ),
Faculdade Bahiana de Ciências (FABAC),
Faculdade de Tecnología Senai Cetind,
Faculdades Integradas Ipitanga (UNIBAHIA),
Faculdade Arnaldo Horácio Ferreira (FAAHF),
Instituto de Educação Superior Unyahna de Salvador (IESUS),
Faculdade Sete de Setembro (FASETE),
Faculdade de Ciências Humanas e Sociais (FACULDADE AGES),
Faculdade Regional de Richão do Jacuípe (FARJ),
Faculdade de Ciências Médicas da Bahia (CS. MEDICAS),
Faculdade do Descobrimiento (FACDESCO),
Faculdade de Ciências Empresariais (FACEMP),
Universidade Federal do Vale do São Francisco (UNIVASF),
Faculdade Pitágoras,
Univ. Estadual do Sudoeste Bahia (UESB),
Faculdade de Tecnología e Cs. de Vitória da Conquista (FTC),
Faculdade Independiente do Nordeste (FAINOR),
Universidade Estadual do Ceará (UECE),
Universidade Federal do Ceará (UFC),
Universidade Federal de Integração Luso-Afro-Brasileira (UNILAB),
Instituto Federal do Ceará (IFCE),
Faculdade Católica de Fortaleza (FCF),
Faculdade Católica do Ceará (FCC),
Faculdade Cearense (FAC),
Faculdade Christus (CHRISTUS),
Faculdade de Ciências Humanas de Fortaleza (FCHFOR),
Faculdade de Ensino e Cultura do Ceará (FAECE),
Faculdade de Odontologia São Leopoldo Mandic (SLMANDIC),
Faculdade de Tecnologia Apoena (FTA),
Faculdade de Tecnologia CDL de Fortaleza,
Faculdade de Tecnologia Darcy Ribeiro (FTDR),
Faculdade de Tecnologia do Nordeste (FATENE),
Faculdade de Tecnologia Evolução (FECET),
Faculdade de Tecnologia Informática (FATI),
Faculdade de Tecnologia Intensiva (FATECI),
Faculdade de Tecnologia Cariri (CENTEC),
Faculdade Evolutivo (FACE),
Faculdade Farias Brito (FFB),
Faculdade Integrada da Grande Fortaleza (FGF),
Faculdade Latino Americana de Educação (FLATED),
Faculdade Metropolitana da Grande Fortaleza (FAMETRO),
Faculdade Nordeste (FANOR),
Faculdade Oboé (FACO),
Faculdade Sete de Setembro (FA7),
Faculdade Teológica e Filosófica (RATIO),
Instituto de Ensino Superior de Fortaleza (IESF),
Instituto Superior de Teologia Aplicada (INTA),
Universidade de Fortaleza (UNIFOR),
Universidade Estácio de Sá,
Instituto de Pós-Graduação & Graduação (IPOG),
Faculdade do Vale do Jaguaribe (FVJ),
Faculdade Terra Nordeste (FATENE),
Faculdade Princesa do Oeste (FPO),
Universidade Regional do Cariri (URCA),
Faculdade Católica do Cariri,
Faculdade Vale do Salgado (FVS),
Faculdade de Ciências Aplicadas Doutor Leão Sampalio (FLS),
Faculdade de Juazeiro do Norte (FJN),
Faculdade Paraíso do Ceará (FAP),
Universidade Estácio de Sá,
Universidade Federal de Integração Luso-Afro-Brasileira (UNILAB),
Universidade Estadual do Vale do Acaraú (UVA),
Faculdade Luciano Feijão (FLF),
Faculdade Católica Rainha do Sertão (FCRS),
Universidade de Brasilia (UNB),
Institituto Federal de Educação Ciência e Tecnologia de Brasilia (I,FB)
Escola Superior de Ciências da Saúde (ESCS),
Universidade Católica de Brasilia (UCB),
Escola Superior de Propaganda e Marketing (ESPM),
Centro Universitário do Distrito Federal (UDF),
Centro Universitário Euro-Americano (UNIEURO),
Faculdade UNISABER,
Faculdade AIEC,
Faculdade Alvorada de Informática e Proces. de Dados (FAIPD),
Faculdade IBMEC,
Faculdade das Àguas Emendadas (FAE),
Faculdade de Artes Dulcina de Moraes (FADM),
Faculdade de Cs. Sociais e Tecnológicas (FACITEC),
Faculdade de Negócios e Tecnologias da Informação (FACNET),
Faculdade de Tecnologia (CENACAP),
Faculdade de Tecnologia do Transporte,
Faculdade de Tecnologia Equipe Darwin (FTED),
Faculdade de Tecnologia Regacionista (ROGA),
Faculdade de Tecnologia SENAC,
Faculdade do Meio Ambiente e Tecnologia de Negocios (FAMATEC),
Faculdade de Odontologia São Leopoldo Mandic (SLMANDIC),
Faculdade Evangélica (FE),
Faculdade Fortium,
Faculdade Jesus Maria José (FAJESU),
Faculdade JK,
Faculdade LS (FACELS),
Faculdade Mauá de Brasília (MAUADF),
Faculdades Planalto (FACPLAN),
Faculdade Processus (PFD),
Faculdade Projeção (FAPRO),
Faculdade Santa Terezinha (FAST),
Faculdade São Camilo,
Faculdades COC de Brasília (FACOCBR),
Faculdade Serrana de Ensino Superior (FASEP),
Faculdades Integradas da União de Ensino Superior Certo (UNICERTO),
Faculdades Int. da União Educacional do Planalto Central (FACIPLAC),
Faculdades Integradas da UPIS (UPIS),
Faculdades Integradas Promove da Brasilia,
Fundação Getulio Vargas (FGV),
IMP de Ensino Superior (IMP),
Instituto Brasilense de Tecnologia e Ciência (IBTC),
Instituto de Educação Superior de Brasília (IESB),
Institituto de Ensino Superior Planalto (IESPLAN),
Institituto Superior de Educação do CECAP (ISCECAP),
Institituto Superior de Educação do ICESP,
Institituto Superior de Educ. Franciscano Nossa Sra. de Fátima (FAT,IMA)
União Educacional de Brasilia (UNEB),
Empresa Brasileira de Pesquisa Agropecuária (EMBRAPA),
Conselho Nacional de Desenvolv. Científico e Tecnológ. (CNPQ),
Escola Superior Aberta do Brasil (ESAB),
Instituto de Pós-Graduação & Graduação (IPOG),
Faculdade Apogeu (APOGEU),
Faculdade JK,
Universidade Católica de Brasilia (UCB),
Faculdade Evangélica (FE),
Faculdade Projeção (FAPRO),
Universidade Federal do Espirito Santo (UFES),
Instituto Federal do Espirito Santo (IFES),
Faculdade de Música do Espírito Santo (FAMES),
Escola de Cs. da Sta. Casa Misericórdia de Vitória (EMESCAM),
Faculdade de Administração Espírito-Santense (FAESA),
Centro Ensino Superior de Vitória (CESV),
Centro Universitário Vila Velha (UVV),
Faculdade Brasileira,
Faculdade Candido Mendes de Vitória (FCMV),
Faculdade Unida de Vitória,
Faculdade Católica Salesiana do Espírito Santo,
Faculdade de Tecnologia FAESA (CET-FAESA),
Faculdade FUCAPE,
Faculdade Nacional (FINAC),
Faculdade Saberes,
Faculdade UNIVES,
Faculdades Integradas de Vitória (FDV),
Faculdades Integradas Espírito Santenses (FAESA),
Instituto de Pós-Graduação & Graduação (IPOG),
Universidade Cândido Mendes (UCAM),
Escola Agrotécnica Federal de Alegre (EAFA),
Faculdade de Filosofia Ciências e Letras de Alegre (FAFIA),
Instituto Federal do Espirito Santo (IFES),
Instituto Federal do Espirito Santo (IFES),
Faculdade de Aracruz (FAACZ),
Faculdade Casa do Estudiante (FACE),
Faculdade de Tecnologia São Francisco (UNESF),
Faculdade Teológica de Ciências Humanas e Sociais Logos (FAETEL),
Instituto Federal do Espirito Santo (IFES),
Centro Universitário São Camilo (CUSC),
Fac. de Cs. Cont. e Adm. de Cachoeiro do Itapemirim (FACCACI),
Faculdade de Direito de Cachoeiro do Itapemirim (FDCI),
Faculdade do Espírito Santo (UNES),
Faculdade São Camilo,
Instituto Federal do Espirito Santo (IFES),
Faculdade de Cariacica,
Faculdade São Geraldo (FSG),
Faculdade de Educação Superior PIO XII,
Insitituto Superior de Educação de Cariacica (ISEC),
Faculdade de Castelo (FACASTELO),
Instituto Federal do Espirito Santo (IFES),
Centro Universitário do Espírito Santo (UNESC),
Faculdade Castelo Branco (FCB),
Instituto Federal do Espirito Santo (IFES),
Faculdade Pitágoras,
Faculdades Unificadas Doctum,
Instituto Federal do Espirito Santo (IFES),
Faculdade Capixaba de Nova Venécia,
Instituto Federal do Espirito Santo (IFES),
Faculdade da Região Serrana (FARESE),
Instituto Federal do Espirito Santo (IFES),
Instituto Federal do Espirito Santo (IFES),
Centro Universitário do Espírito Santo (UNESC),
Escola de Ensino Superior Alternativo (CESA),
Faculdade Batista (FABAVI),
Faculdade de Educação da Serra (FASE),
Faculdade do Centro Leste (UCL),
Faculdade de Ensino Superior Blauro Cardoso de Mattos (FASERRA),
Insitituto Superior de Educação da Serra (FABAVI),
Instituto Federal do Espirito Santo (IFES),
Faculdade Vale do Cricaré (F.V.C.),
Instituto Federal do Espirito Santo (IFES),
Faculdade Venda Nova do Inmigrante (FAVENI),
Faculdade de Estudos Sociais Aplicados de Viana (FESAV),
Instituto Federal do Espirito Santo (IFES),
Centro Universitário Vila Velha (UVV),
Escola Superior Aberta do Brasil (ESAB),
Faculdade Cenecista de Vila Velha (FACEVV),
Faculdade de Ciências Econômicas e Administrativas Vila Velha,
Faculdade de Odontologia São Leopoldo Mandic (SLMANDIC),
Faculdade de Vila Velha,
Faculdade Novo Milênio (FNM),
Insitituto Superior de Educação Ateneu (ISEAT),
Universidade de Vila Velha (UVV),
Instituto Federal de Goiás (IFG),
Instituto Federal Goiano,
Universidade Federal de Goiás (UFG),
Universidade Católica de Goiás (UCG),
Centro Universitário de Goiás (UNI-ANHANGÜERA),
Escola Superior Associada de Goiânia (ESUP),
Faculdade Alfredo Nasser (FAN),
Faculdade Alves Faria (ALFA),
Faculdade Araguaia (FARA),
Faculdade Ávila (FAC),
Faculdade Brasileira de Educação e Cultura (FABEC),
Faculdade Cambury (CAMBURY),
Faculdade da Igreja Ministério Fama (FAIFA),
Faculdade de Goiânia (FAG),
Faculdade Delta,
Faculdade de Tecnologia SENAC,
Faculdade de Tecnologia SENAI,
Faculdade Lions (FAC-LIONS),
Faculdade Noroeste,
Faculdade Nossa Senhora Aparecida (FANAP),
Faculdade Pradão (PRADAO),
Faculdade Sul-Americana (FASAM),
Faculdade Sul da América (SULDAMÉRICA),
Faculdade Tamandaré (FAT),
Faculdade Unida de Campinas (FACUNICAMPS),
Instituto de Filosofía e Tecnología de Goiás (IFITEG),
Instituto Superior de Educação Pradão (ISE-PRDÃO),
Instituto Unificado de Ensino Superior Objetivo (IUESO),
Instituto de Pós-Graduação & Graduação (IPOG),
Pontifícia Universidade Católica de Goiás (PUC GOIÁS),
Universidade Estadual de Goiás (UEG),
Centro Universitário de Anápolis (UNIEVAGÉLICA),
Faculdade Anhaguera,
Faculdade Católica de Anápolis,
Faculdade de Tecnologia SENAI,
Faculdade Instituto Brasil (FIBRA),
Faculdade do Norte Goiano (FNG),
Faculdade Metropolitana de Anápolis (FAMA),
Faculdade de Educação e Ciências Humanas de Anicuns (FECHA),
Faculdade de Caldas Novas (UNICALDAS),
Centro de Ensino Superior de Catalão (CESUC),
Faculdade de Ensino Superior de Catalão (CESUC),
Faculdade de Tecnologia de Catalão (FATECA),
Faculdade Central de Cristalina (FACEC),
Faculdades Integradas Iesgo (IESGO),
Faculdade Brasil Central (FBC),
Instituto de Ciências Sociais e Humanas (ICSH),
Universidade Luterana do Brasil (ULBRA),
Faculdade de Filosofia e Ciências Humanas de Goiatuba (FAFICH),
Faculdade de Iporá (FAI),
Faculdade Aliança,
Faculdade Santa Rita de Cássia (UNIFASC),
Instituto Superior de Educação Santa Rita de Cássia (ISESC),
Centro de Ensino Superior de Jataí (CESUT),
Centro Universitário de Desenvolvimiento do Centro-Oeste (UNIDESC),
Faculdades Integradas de Mineiros (FIMES),
Faculdade do Sudeste Goiano (FASUG),
Faculdade Quirinópolis (FAQUI),
Universidade de Rio Verde (FESURV),
Faculdade Almeida Rodrigues (FAR),
Instituto de Ensino Superior Rio Verde (IESRIVER),
Instituto Superior de Educação Almeida Rodrigues (ISEAR),
Faculdade de Ciências e Educação de Rubiataba (FACER),
Faculdade Montes Belos (FMB),
Faculdade União de Goyazes (FUG),
Instituto Aphosiano de Ensino Superior (IAESUP),
Faculdade Serra da Mesa (FASEM),
Faculdade de Ciências e Educação Sena Aires (FACESA),
Faculdade Anhaguera,
Universidade Federal do Maranhão (UFMA),
Universidade Estadual do Maranhão (UEMA),
Instituto Federal do Maranhão (IFMA),
Centro Universitário do Maranhão (CEUMA),
Faculdade Atenas Maranhense (FAMA),
Faculdade Brasileira de Estudos Avançados (FABEA),
Faculdade de Ciências Humanas e Sociais Aplicadas (FACSÃOLUÍS),
Faculdade do Estado do Maranhão (FACEM),
Faculdade do Maranhão (FACAM),
Faculdade Santa Fé (CESSF),
Faculdade Santa Terezinha (CEST),
Faculdade São Luís (FSL),
Instituto de Estudos Superiores do Maranhão (IESMA),
Instituto Florence de Ensino Superior (IFES),
Unidade de Ensino Superior Dom Bosco (UNDB),
Universidade Federal do Maranhão (UFMA),
Faculdade de Educação de Bacabal (FEBAC),
Faculdade de Balsas (UNIBALSAS),
Faculdade de Ciências e Tecnología do Maranhão (FACEMA),
Faculdade do Vale do Itapecurú (FAI),
Instituto Superior de Educação de Caxias (ISEC),
Universidade Federal do Maranhão (UFMA),
Faculdade do Baixo Paranaíba (FAP),
Universidade Federal do Maranhão (UFMA),
Universidade Federal do Maranhão (UFMA),
Faculdade de Educação Santa Terezinha (FEST),
Faculdade de Imperatriz (FACIMP),
Instituto de Ensino Superior do Sul do Maranhão (IESMA),
Instituto de Ensino Superior Franciscano (IESF),
Faculdade de Educação São Francisco (FAESF),
Universidade Federal do Maranhão (UFMA),
Instituto de Ensino Superior Miguel de Cervantes (IESMC),
Faculdade Maranhense São José Dos Cocais (FSJ),
Instituto de Ensino Superior Múltiplo (IESM),
Centro de Educação Técnica (UTRAMIG),
Centro Educacional em Aeronáutica (CEA),
Escola de Governo Prof. Paulo Neves de Carvalho (EG),
Universidade do Estado de Minas Gerais (UEMG),
Universidade Federal de Minas Gerais (UFMG),
Centro Federal de Educacão Tecnológica de M. G. (CEFET),
Fundación Dom Cabral (FDC),
Instituto Federal de Minas Gerais (IFMG),
Centro de Educação Superior Barnabita (CESB),
Centro Universitário de Belo Horizonte (UNI - BH),
Centro Universitário Modista Izabela Hendrix (IMIH),
Centro Universitário Newton Paiva,
Centro Universitário UNA,
Escola Superior Dom Helder Cãmara (ESDHC),
Faculdade Anhanguera,
Faculdade Batista de Minas Gerais (FBMG),
Faculdade Bi Minas (IBS),
Faculdade COTEMIG,
Faculdade de Ciências Jurídicas Prof. Alberto Deodato (FCJPAD),
Faculdade de Ciências Médicas de Minas Gerais (FCMMG),
Faculdade de Comunicação Soc. Sta. Efigênia (F. VEREDAS),
Instituto de Pós-Graduação & Graduação (IPOG),
Faculdade de Direito Padre Arnaldo Jassen (FAJANSSEN),
Faculdade de Direito Promove,
Faculdade de Ensino de Minas Gerais (FACEMG),
Faculdade de Ensino Unificado de Belo Horizonte (FEUBH),
Faculdade de Estudos Superiores de Minas Gerais (FEAD),
Faculdade del Rey (FDR),
Faculdade de Minas (FAMINAS),
Faculdade de Tecnologia do Comércio (FATEC),
Faculdade de Tecnologia (INED),
Faculdade de Tecnologia SENAC,
Faculdade de Odontologia São Leopoldo Mandic (SLMANDIC),
Faculdade do Centro Educacional Mineiro (FACEM-BH),
Faculdade IBMEC,
Faculdade Inconfidência (FI),
Faculdade Infórum de Tecnologia (FIT),
Faculdade Internacional de Ciências Empresariais (FICE),
Faculdade Jesuíta de Filosofía e Teologia (FAJE),
Faculdade Minas Gerais (FAMIG),
Faculdade Novos Horizontes,
Faculdade Pedro II (FAPE2),
Faculdade Promove de Minas Gerais (PROMOVE),
Faculdade São Camilo,
Faculdade Tecnológica (FAT - INAP),
Instituto Belo Horizonte de Ensino Superior (IBHES),
Instituto Santo Tomás de Aquino (ISTA),
Instituto Superior de Ciências da Saúde (INCISA),
Instituto Superior de Educação Balão Vermelho (ISEBV),
Instituto Superior de Educação Ibituruna (ISEIB),
Pontifícia Universidade Católica de Minas Gerais (PUCMINAS),
Universidade Estácio de Sá,
Universidade FUMEC,
Faculdade de Ciências Gerenciais Padre A. Janssen (FAJANSSEN),
Faculdade de Cs. Sociais Aplicadas de Belo Horizonte (FACISABH),
Instituto Superior de Educação Prof. N. Fortes Abu-Merhy (ISEFOR),
Faculdade de Ciências Gerenciais Alves Fortes (FACE),
Universidade Federal de Alfenas (UNIFAL),
Universidade José do Rosário Vellano (UNIFENAS),
Instituto Federal do Norte de Minas Gerais (IFNMG),
Faculdade de Almenara (ALFA),
Centro Universitário do Planalto de Araxá (UNIARAXÁ),
Instituto Federal do Sudeste de Minas Gerais (IFSEMG),
Centro de Estudos Superiores Aprendiz (CESA),
Faculdade de Medicina de Barbacena (FAME),
Universidade Presidente Antônio Carlos (UNIPAC),
Instituto Superior de Educação de Bicas (ISEB),
Faculdade de Ciências Gerenciais de Bicas (FCGB),
'Faculdade de Filosofia Cs. e Letras de Boa Esperança (FAFIBE),
Faculdade de Educação de Bom Despacho (FACEB),
Faculdade Asa de Brumadinho (IECEMB - FAB),
Instituto de Ensino Superior e Pesquisa de Cambuí (INSEPEC),
Faculdade de Ciências Exactas e Humanas da Campanha (FCCP),
'Fac. de Filosofia Cs. e Letras Nossa Senhora de Sion (FAFI/SION)',
Faculdade de Administração de Campina Verde (FACAV),
Faculdade de Administração de Campo Belo (FACAMP),
Faculdade de Ciências e Tecnologia de Campos Gerais (FACICA),
Faculdade de Direito de Carangola (FDC),
Faculdades Integradas Vale do Caragnolar (FAVALE),
Centro Universitário de Formiga (UNIFORMG),
Faculdade de Ciências Ambientais de Caratinga (DOCTUM),
Faculdade de Ciências Jurídicas (DOCTUM),
Faculdades Integradas de Caratinga (FIC),
Faculdade de Administração (UNIPAC),
Faculdades Integradas de Cataguases (FIC),
Faculdade de Ciências Gerenciais (FACIG),
'Faculdade de Filosofia Cs. e Letras de Congonhas (FAFIC)',
Nova Faculdade,
Faculdade de Tecnologia (INED),
Centro de Ensino Superior de Conselheiro Lafaiete (CES - CL),
Faculdade de Direito de Conselheiro Lafaiete (FDCL),
Faculdade Santa Rita (FASAR),
Faculdade Teológica de Ciências Humanas e Sociais Logos (FAETEL),
Faculdade Cidade de Coromandel (FCC),
Centro Universitário do Leste de Minas Gerais (UNILESTEMG),
Faculdade Machado Sobrinho (FMS),
Faculdade de Ciência Administrativas de Curvelo (FACIAC),
Faculdade de Ciências Humanas de Curvelo (FACIC),
Univ. Federal dos Vales do Jequitinhonha e Mucuru (UFVJM),
Faculdade de Ciências Jurídicas de Diamantina (FCJ),
Faculdade de Filosofia e Letras de Diamantina (FAFIDIA),
Faculdade de Arte e Design (FAD),
Faculdade de Cs. Eco. Adm. e Contabeis de Divinópolis (FACED),
Faculdade de Divinópolis (FACED),
Fundação Educacional de Divinópolis (FUNEDI),
Faculdade de Pedagogia de Dores do Indaiá (FAPEDI),
Faculdade de Ciências Sociais Aplicadas de Extrema (FAEX),
Centro Universitário de Caratinga (UNEC),
União das Instituições Eduçacionais do Estado de São Paulo (UNIESP),
Faculdade Furtal (FAF),
Faculdade de Direito do Vale do Rio Doce (FADIVALE),
Faculdade de Educação e Estudos Sociais (FUNEES),
Universidade Vale do Rio Doce (UNIVALE),
Faculdade Cidade de Guanhães (FACIG),
Centro Universitário da Fundação Educacional Guaxupé (UNIFEG),
Escola Superior em Meio Ambiente (ESMA),
Faculdade de Direito de Ipitanga (FADIPA),
Faculdade de Tecnologia de Minas Gerais (FATEMG),
Faculdade de Tecnologia (FATEC),
Faculdade de Cs. Administrativas e Contábeis de Itabira (FACCI),
Faculdade de Ciências Humanas de Itabira (FACHI),
Faculdade de Direito de Itabira (FDI),
Faculdade de Desenvolvimiento das Cs. e Tecnologias (FICE),
Faculdade de Administração (UNIPAC),
Universidade Federal de Itajubá (UNIFEI),
Centro Universitário de Itajubá (UNIVERSITAS),
Escola de Enfermagem Wenceslau Braz (EEWB),
Faculdade de Ciências Sociais Aplicadas do Sul de Minas (FACESM),
Faculdade de Medicina de Itajubá (FMIT),
Universidade de Itaúna (UIT),
Faculdade Triângulo Mineiro (FTM),
Instituto Superior de Educação Ituiutaba (ISEDI),
Faculdade Aledete Maria Alves (FAMA),
Instituto de Ensino Superior de João Monlevade (IES/FUNCEC),
Instituto de Ensino Superior de João Monlevade (IES/FUNCEC),
Faculdade Cidade de João Pinheiro (FCJP),
Faculdade Promove de Minas Gerais (PROMOVE),
Faculdade Infórum de Tecnologia (FIT),
Instituto de Ensino Superior João Alfredo de Andrade (IJAA),
Universidade Federal de Lavras (UFLA),
Centro Universitário de Lavras (UNILAVRAS),
Faculdade Presbiteriana Gammon (FAGAMMON),
Faculdades Integradas Adventistas de Minas Gerais (FADMINAS),
Universidade Federal de Juiz de Fora (UFJF),
Instituto Federal do Sudeste de Minas Gerais (IFSEMG),
Instituto Superior de Educação Carlos Chagas (ISECC),
Centro de Ensino Superior de Juiz de Fora (CES - JF),
Faculdade de Ciências Médicas e da Saúde de Juiz de Fora (FCMS),
Faculdade de Tecnologia Luiz Adelar Scheuer (FATEC),
Faculdade do Sudeste Mineiro (FACSUM),
Faculdade Juiz de Fora (FJF),
Faculdade Metodista Granbery (FMG),
Faculdades Integradas Vianna Júnior (FIVJ),
Faculdade de Filosofia Cs. e Letras do Alto São Francisco (FASF),
Centro Superior de Ensino e Pesquisa de Machado (CESEP),
Instituto Machadense de Ensino Superior (IMES),
Faculdade de Ciências Gerenciais de Manhuaçu (FACIG),
Faculdade do Futuro (FAF),
Faculdade de Ciências Jurídicas (DOCTUM),
Faculdade de Mantena (FAMA),
Faculdade Vértice,
Faculdade Verde Norte (FAVERDE),
Faculdade Adjetivo CETEP,
Faculdade de Administração de Mariana (FAMA),
Faculdade de Ciências Humanas e Sociais (FUCAMP),
Universidade Estadual de Montes Claros (UNIMONTES),
Instituto Federal do Norte de Minas Gerais (IFNMG),
Faculdade de Ciência e Tecnologia de Montes Claros (FACIT),
Faculdade de Ciências Gerenciais e Empreendedorismo (FACIGE),
Faculdade de Cs. Sociais Aplicadas Santo Agostinho (FACISA),
Faculdade de Computação de Montes Claros (FACOMP),
Faculdade de Saúde Ibituruna (FASI),
Faculdades Integradas do Norte de Minas (FUNORTE),
Faculdades Integradas Pitágoras (FIP - MOC),
Instituto Superior de Educação Ibituruna (ISEIB),
Instituto Federal do Sudeste de Minas Gerais (IFSEMG),
Faculdade de Filosofia Cs. e Letras Santa Marcelina (FAFISM),
Faculdade de Minas (FAMINAS),
Faculdade de Nanuque (FANAN),
Faculdade de Administração Milton Campos (FAMC),
Faculdade de Direito Milton Campos (FDMC),
Faculdade Vale do Gorutuba (FAVAG),
Faculdade de Nova Serrana (FANS),
Faculdade de Ciências Jurídicas e Gerencias de Oliveira (FACIJUGO),
Faculdades Integradas Asmec (ASMEC),
Universidade Federal de Ouro Preto (UFOP),
Faculdade Atenas,
Faculdade do Noroeste de Minas (FINOM),
Faculdade Tecsoma (FATEC),
Faculdade de Pará de Minas (FAPAM),
Instituto Superior de Educação Paraisópolis (FEP),
Instituto Federal do Sul de Minas Gerais (IFSULDEMINAS),
Instituto Superior de Educaçao Anísio Teixeira (ISEAT),
Faculdade de Administração de Passos (FAP),
Faculdade de Comunicação Social de Passos,
Fundação de Ensino Superior de Passos (FESP),
Centro Universitário de Patos de Minas (UNIPAM),
Faculdade Cidade de Patos de Minas (FPM),
Faculdade de Ciências Humanas e da Saúde (SESPA),
Centro Universitário do Cerrado - Patrocínio (UNICERP),
Faculdade de Patrocinio (IESP),
Instituto Superior de Educação Berlaar (IBERLAAR),
Faculdade de Direito de Pedro Leopoldo (FADIPEL),
Faculdades Integradas Pedro Leopoldo (FIPEL),
Faculdade Vale do Ipiranga (FAVAPI),
Instituto Federal do Norte de Minas Gerais (IFNMG),
Faculdade de Tecnologia Alto Médio São Francisco (FAC FUNAM),
Faculdade São Francisco de Piumhi (FASPI),
Faculdade de Ciências Contábeis de Ponte Nova (FACE),
Faculdade de Ciências Humanas do Vale do Piranga (FAVAP),
Faculdade de Dinâmica do Vale do Piranga (FADIP),
Faculdade Católica de Pouso Alegre (FACAPA),
Faculdade de Direito do Sul de Minas (FDSM),
Instituto Nacional Padre Gervasio (INAPOS),
Universidade do Vale do Sapucaí (UNIVAS),
Faculdade de Direito e Cs. Sociais do Leste de Minas (FADILESTE),
Faculdade de Sabará (SOECS),
Instituto de Ensino Superior de Minas Gerais (IESMIG),
Faculdade da Cidade de Santa Luiza (FACSAL),
Centro de Ensino Superior em Gestão Tec. e Educação (FAI),
Instituto Nacional de Telecomunicações (INATEL),
Instituto Federal do Sudeste de Minas Gerais (IFSEMG),
Faculdade de Ciências Jurídicas de Santos Dumont (FCJSD),
Instituto Superior de Educação Santos Dumont (ISESD),
Faculdade de Ciências Gerenciais de São Gotardo (CESG),
Universidade Federal de São João del Rei (UFSJ),
Instituto Federal do Sudeste de Minas Gerais (IFSEMG),
Instituto de Ensino Superior Pte. Tancredo de A. Naves (IPTAN),
Faculdade de São Lourenço (FASAMA),
Faculdade Victor Hugo (FVH),
Faculdades Integradas Libertas,
Faculdade Calafiori,
Faculdade Cenecista de Sete Lagoas (FCSL),
Faculdade Ciências da Vida (FCV),
Faculdade de Cs. Sociais Aplicadas Santo Agostinho (FACISA),
Instituto de Educação Sup. São Francisco de Assis (IESFATO),
Faculdade de Tecnologia Egídio Jose da Silva (FATEGIDIO),
Universidade Vale do Rio Verde (UNINCOR),
Faculdade de Ciências e Tecnologia de Unaí (FACTU),
Faculdade Três Pontas (FATEP),
Instituto Superior de Educação Coração de Jesus (ISECJ),
Faculdade Ubaense Ozanam Coelho (FAGOC),
Universidade Federal do Triângulo Mineiro (UFTM),
Centro de Ensino Superior de Uberaba (CESUBE),
Faculdade de Ciências Econômicas do Triângulo Mineiro (FCETM),
Faculdade de Talentos Humanos (FACTHUS),
Faculdades Associadas de Uberaba (FAZU),
Universidade de Uberaba (UNIUBE),
Universidade Federal de Uberlândia (UFU),
Centro Universitário do Triângulo (UNITRI),
Escola Superior  de Adm. Marketing e Comunicação (ESAMC),
Faculdade Católica de Uberlândia,
Faculdade do Trabalho (FATRA),
Faculdade Politécnica de Uberilândia (FPU),
Universidade Federal de Viçosa (UFV),
Escola de Estudos Superiores de Viçosa (ESUV),
Faculdade de Ciências Biológicas e da Saúde (FACISA),
Faculdade Cenecista de Virginha (FACECA),
Faculdade de Direito de Varginha (FADIVA),
Faculdade da Saúde e Ecologia Humana (FASEH),
Faculdade do Vale Elvira Dayrell (FAVED),
Instituto Superior de Educação Elvira Dayrell (ISEED),
Universidade Federal de Mato Grosso do Sul (UFMS),
Faculdade Anhanguera,
Faculdade Campo Grande (FCG),
Instituto de Pós-Graduação & Graduação (IPOG),
Faculdade de Tecnologia Senai Campo Grande,
Faculdade Mato Grosso do Sul (FACSUL),
Faculdade Unigran Capital,
Instituo de Ensino Superior da Funlec (IESF),
Universidade Católica Dom Bosco (UCDB),
Univ. para o Desenvolv. do E. e da Região do Pantanal (UNIDERP),
Faculdade de Amambai (FIAMA),
Faculdades Integradas de Cassilândia (FIC),
Faculdade Vale do Aporé (FAVA),
Faculdade de Administração de Chapadão do Sul (FACHASUL),
Faculdade Salesiana de Santa Teresa (FSST),
Faculdade de Educação de Costa Rica (FECRA),
Universidade Estadual de Mato Grosso do Sul (UEMS),
Universidade Federal da Grande Dourados (UFGD),
Centro Universitário da Grande Dourados (UNIGRAN),
Faculdade Teológica Batista Ana Wollerman (FTBAW),
Faculdade de Administração de Nova Andradina (FANA),
Faculdade de Nova Andradina (FANOVA),
Faculdade de Tecnologia de Nova Andradina,
Faculdades Integradas de Paranaíba (FIPAR),
Faculdade de Ponta Porã (FAP),
Faculdades Integradas de Ponta Porã (FIP),
Faculdade de Selvíria (FAS),
Faculdades Integradas de Três Lagoas (AEMS),
Faculdade de Selvíria (FAS),
Universidade Federal de Mato Grosso (UFMT),
Instituto Federal de Mato Grosso (IFMT),
Centro Universitário Cândido Rondon (UNIRONDON),
Faculdade Afirmativo (FAFI),
Faculdade Anhanguera,
Faculdade AUM,
Faculdade Cuiabá (FAUC),
Faculdade de Ciências Administrativas (FCA),
Instituto de Pós-Graduação & Graduação (IPOG),
Faculdade de Informática de Cuiabá (FIC),
Faculdade de Mato Grosso (FAMAT),
Faculdades Integradas Mato-Grossenses de Cs. Sociais e Humanas (ICE,)
FVC Ensino Superior,
Universidade de Cuiabá (UNIC),
Faculdade Cathedral (FACES),
Faculdade de Cs. Soc. Aplicadas e de Tec. de Agua Boas (FACESA),
Faculdade de Direito de Alta Floresta,
Faculdade Católica Rahina da Paz de Araputanga (FCARP),
Fac. de Cs. Jurídicas e Soc. do Araguaia (FAC - CATHEDRAL),
Faculdades Unidas do Vale do Araguaia (UNIVAR),
Universidades Unidas do Vale do Araguaia (UNIVAR),
Universidade do Estado de Mato Grosso (UNEMAT),
Faculdade do Pantanal Matogrossense (FAPAN),
Faculdade de Campo Verde (FCV),
Faculdade de Colider (FACIDER),
Faculdade de Ciências Sociais e Aplicadas de Diamantino (UNED),
Faculdades Integradas de Diamantino (FID),
Faculdade de Ciências Sociais de Guarantá do Norte (FCSGN),
Faculdades Resende de Freitas (UESRF),
Faculdade de Cs. Soc. Aplicadas do Vale do São Lourenço (EDUVALE),
Faculdade de Cs. Contábeis e de Adm. do Vale do Jaruena (AJES),
Instituto Superior de Educação do Vale do Juruena (AJES),
Faculdade La Salle,
União de Ensino Superior de Nova Mutum (UNINOVA),
Faculdade São Francisco de Assis (FASFA),
Universidade Federal de Mato Grosso (UFMT),
Faculdade Cândido Rondon de Rondonópolis (FCRROO),
Faculdade Cenecista de Rondonópolis (FACER),
Faculdade de Quatro Marcos (FQM),
Faculdade de Quatro Marcos (FQM),
Faculdade FASIPE,
Faculdade Centro Mato-Grossense,
Faculdade de Sorriso (FAIS),
Faculdade de Dereito de Tangará da Serra (UNIC),
Faculdade de Educação de Tangará da Serra (FACEDUTS),
Faculdade de Ciências Sociais Aplicadas (FACSA),
Centro Universitário de Várzea Grande (UNIVAG),
Faculdades Integradas Desembargador Sávio Brandão (FAUSB),
Faculdades Integradas Desembargador Várzea Grande (FIAVEC),
Universidade Federal do Pará (UFPA),
Universidade Federal Rural da Amazônia (UFRA),
Universidade do Estado do Pará (UEPA),
Universidade Federal do Oeste do Pará (UFOPA),
Instituto Federal do Pará (IFPA),
Centro de Instrução Almirante Braz de Aguiar (CIABA),
Centro Universitario do Estado do Pará (CESUPA),
Escola Superior da Amazônia (ESAMAZ),
Faculdade de Beléme (FABEL),
Faculdade de Estudos Avançados do Pará (FEAPA),
Instituto de Pós-Graduação & Graduação (IPOG),
Faculdade de Tecnologia e Desenvolvimento de Competências (FDC),
Faculdade de Ideal (FACI),
Faculdade Integrada Brasil Amazanoia (FIBRA),
Faculdade Metropolitana da Amazônia (FAMAZ),
Faculdade Metropolitana de Marabá (METROPOLITANA),
Faculdade Pan Amazônia (FAPAN),
Faculdade Paraense de Ensino (FAPEN),
Faculdades Integradas Ipiranga (FAINTIPI),
Faculdades Teológica Batista Equatorial (FATEBE),
Instituto de Ensinos Superiores da Amazônia (IESAM),
Universidade Estácio de Sá,
Universidade da Amazônia (UNAMA),
Faculdade CBES,
Escola Superior Madre Celeste (ESMAC),
Faculdade da Amazônia (FAAM),
Faculdade Pan Americana (FPA),
Faculdade de Castanhal (FCAT),
Faculdade de Itaituba (FAI),
Faculdade de Tapajós (FAT),
Faculdade de Ensino Superior da Amazônia Reunida (FESAR),
Centro Universitario Luterano de Santarém (CEULS),
Faculdades Integradas do Tapajós (FAPEN),
Instituto de Esperança de Ensino Superior (IESPES),
Universidade Luterana do Brasil (ULBRA),
Universidade Federal da Paraíba (UFPB),
Universidade de Ensino Superior do IPE (UNIPE),
Instituto Federal da Paraíba (IFPB),
Centro Universitario de João Pessoa (UNIPÊ),
Faculdade de Ciências Contábeis Luiz Mendes (LUMEN FAC),
Faculdade de Ciências Médicas da Paraíba (LUMEN FAC),
Faculdade de Enfermagem São Vicente de Paula (FESVIP),
Faculdade de Ensino Superior da Paraíba (FESP),
Faculdade de Ensino Superior do Nordeste (FAESNE),
Faculdade de Tecnología da João Pessoa (FATEC),
Faculdade de Tecnología do Uniuol (UNIUOL),
Faculdade de Tecnología Ibratec (UNIBRATEC),
Faculdade Maurício de Nassau,
Faculdade Paraíbana (FAP),
Faculdade Paraíbana de Processamento de Dados (FPPD),
Faculdade Potiguar da Paraíba (FPB),
Faculdade Santa Emília de Rodat (FASER),
Faculdade Unida da Paraíba (UNIPB),
Faculdades Integradas Anglo - Americano (FIAA),
Insituto Paraibano de Ensino Renovado (INPER),
Instituto de Pós-Graduação & Graduação (IPOG),
Faculdade de Tecnología da Paraíba (FATECPB),
Instituto de Educação Superior da Paraíba (IESP),
Faculdade de Filosofía Ciências e Letras de Cajazeiras (FAFIC),
Faculdade Evilásio Formiga (FEF),
Faculdade Santa María (FSM),
Faculdade São Francisco da Paraíba (FASP),
Insituto Superior de Educação de Cajazeiras (ISEC),
Universidade Estadual da Paraíba (UEPB),
Universidade Federal de Campina Grande (UFCG),
Escola Superior de Aviação Civil (ESAC),
Faculdade de Campina Grande (FAC - CP),
Faculdade de Ciências Médicas de Campina Grande (FCM),
Faculdade Reinaldo Ramos (FARR),
Faculdade Maurício de Nassau,
Faculdades Integradas Anglo - Americano (FIAA),
Faculdade de Filosofía Ciências e Letras (FAFIL),
Faculdades Integradas de Patos (FIP),
Instituto Federal de Educação Cs. e Tecnología de Pernambuco (IFPE),
Universidade Federal de Pernambuco (UFPE),
Universidade Federal Rural de Pernambuco (UFRPE),
Universidade de Pernambuco (UPE),
Escola Superior de Marketing (ESM),
Escola Superior de Relações Públicas (ESURP),
Escola Superior de Secretariado de Pernambuco (ESUSPE),
Faculdade Anchieta do Recife (FAR),
Faculdade Boa Viajem (FBV),
Faculdade Damas da Instrução Cristã (FADIC),
Faculdade de Arquitectura e Urbanismo de Pernambuco (FAUPE),
Faculdade de Ciências Contabeis de Recife (FACCOR),
Faculdade de Ciências Humanas de Pernambuco (FCHPE),
Faculdade de Ciências Humanas Esuda (FCHE),
Faculdade de Odontología do Recife (FOR),
Faculdade de Tecnología e Ciências de Pernambuco (FATEC),
Faculdade de Tecnología Gestão e Marketing (IBGM),
Faculdade de Tecnologia SENAC,
Faculdade do Recife (FAREC),
Faculdade Frassinetti do Recife (FAFIRE),
Faculdade Integrada de Pernambuco (FACIPE),
Faculdade Joaquim Nabuco (FJN),
Faculdade Marista (FMR),
Faculdade Maurício de Nassau,
Faculdade Nova Roma (FNR),
Faculdade Para o Desenvolvimento de Pernambuco (FADEPE),
Faculdade Pernambucana de Saúde (FPS),
Faculdade Salessiana do Nordeste (FASNE),
Faculdade Santa Catarina (FASC),
Faculdade Santa Helena (FSH),
Faculdade Santa María (FSM),
Faculdade São Miguel,
Instituto Pernambucano de Ensino Superior (IPESU),
Instituto Salesiano de Filosofia (INSAF),
Universidade Católica de Pernambuco (UNICAP),
Universidade de Tecnología IBRATEC (UNIBRATEC),
Instituto de Pós-Graduação & Graduação (IPOG),
Faculdade Asces,
Faculdade de Filosofía Ciências e Letras de Caruaru (FAFICA),
Faculdade do Vale do Ipojuca (FAVIP),
Instituto Unificado Europeu do Brasil Iune - Brasil,
Faculdade dos Guararapes (FG),
Faculdade Européia de Administração e Marketing (FEPAM),
Faculdade Metropolitana,
Instituto de Ensino Superior de Piedade (IESP),
Faculdade de Ciências Humanas de Olinda (FACHO),
Faculdade de Comunicação e Turismo de Olinda (FACOTTUR),
Faculdade de Informática do Recife (FACIR),
Faculdade de Olinda (FOCCA),
Faculdade Santa Emília (FASE),
Faculdades Integradas Barros Melo (FIBAM),
Instituto de Ensino Superior de Olinda (IESO),
União de Escolas Superiores da Funeso (UNESF),
Faculdade de Desenvolvimento e Integração Reg. (FADIRE),
Faculdade de Desenvolvimento e Integração Reg. (FADIRE),
Instituto Superior de Educação de Santa Cruz (CESAC),
Fac. de Formação de Prof. de Afogados de Ingazeira (FAFOPAI),
Instituto Superior de Educação do Sertão do Pajeú (ISESP),
Faculdade de Ciências Agrárias de Araripina (FACIAGRA),
Faculdade de Formação de Professores de Araripina (FAFOPA),
Centro de Ensino Superior de Arcoverde (CESA),
Centro de Ensino Sup. do Vale São Francisco (CESVASF),
Fac. de Cs. Humanas e Exactas do Sertão do S. Francisco (FACESF),
Faculdade de Enfermagem de Belo Jardim (FAEB),
Faculdade Luso Brasileira (FALUB),
Faculdade de Escada (FAESC),
Instituto Superior de Educação de Floresta (ISEF),
Faculdade de Ciências da Administração de Garanhus (FAGA),
Faculdade de Medicina de Garanhuns (FAMEG),
Faculdade de Formação de Professores de Goiana (FFPG),
Instituto Superior de Educação de Goiana (ISEG),
Faculdade de Ciências Humanas e Sociais de Igarassu (FACIG),
Faculdade de Tecnología Integrada (FATIN),
Faculdade José Lacerda Filho de Ciências Aplicadas (FAJOLCA),
Faculdade de Ciências Aplicadas de Limoeiro (FACAL),
Faculdade de Ciências Sociais Dos Palmares (FACIP),
Faculdade Decisão (FADE),
Faculdade de Saúde de Paulista (FASUP),
Faculdade Joaquim Nabuco (FJN),
Instituto Superior de Educação de Pesqueira (ISEP),
Faculdade de Ciências Aplicadas e Sociais de Petrolina (FACAPE),
Universidade Federal do Vale do São Francisco (UNIVASF),
Instituto Federal de Educação Cs. e Tecnología de Pernambuco (IFPE),
Faculdade de Ciências Humanas do Sertão Central (FACHUSC),
Instituto Superior de Educação de Salgueiro (ISES),
Fac. de Cs. Humanas e Soc. do C. de Sto. Agostinho (FACHUCA),
Faculdade Líder (FAL),
Faculdade de Formação de Professores de S. Talhada (FAFOPST),
Faculdade de Integração do Sertão (FIS),
Faculdade de Ciências de Timbaúba (FACET),
Faculdade Escritor Osman da Costa Lins (FACOL),
Faculdades Integradas da Vitória de Santo Antão (FAINTVISA),
Universidade Federal do Piauí (UFPI),
Universidade Estadual do Piauí (UESPI),
Instituto Federal do Piauí (IFPI),
Instituto Superior de Educação Antonino Freire (ISEAF),
Centro de Ensino Superior do Vale do Paranaíba (CESVALE),
Faculdade Adelmar Rosado (FAR),
Faculdade Aliança (FACE),
Faculdade das Atividades Empresariais de Teresina (FAETE),
Faculdade de Administração de Teresina (FAT),
Faculdade de Ciências e Tecnología de Teresina (FATCET),
Faculdade de Cs. Saúde Exactas e Jurídicas de Teresina (CEUT),
Faculdade de Ensino Superior de Piauí (FASEPI),
Faculdade de Saúde. Humanas e Tec. do Piauí (NOVAFAPI),
Faculdade de Tecnología de Teresina (CET),
Faculdade do Piauí (FAPI),
Faculdade Entre Rios do Piauí (FAERPI),
Faculdade Evangélica do Piauí (FAEPI),
Faculdade Integrada do Brasil (FAIBRA),
Faculdade Integral Diferencial (FACID),
Faculdade Piauiense (FAP),
Faculdade Piauiense de Processamento de Dados (FPPD),
Faculdade Santo Agostinho (FSA),
Faculdade São Gabriel (FSG),
Instituto Católico de Estudos Superiores do Piauí (ICESPI),
Instituto de Eucação Superior Raimundo Sá (IESRSA),
Instituto de Ensino Superior de Teresina (IEST),
Instituto Superior de Educação Programus (ISEPRO),
Instituto de Ensino Superior de Educação (ISESPI),
Faculdade Dos Cerrados Piauienses (FCP),
Faculdade de Ensino Superior de Floriano (FAESF),
Instituto Superior de Educação São Judas Tadeu (ISESJT),
Faculdade Evangélica Cristo Rei (FECR),
Faculdade Internacional do Delta (INTA),
Christus Faculdade do Piauí (CHRISFAPI),
Faculdade do Médio Paranaíba,
Escola de Música e Belas Artes do Paraná (EMBAP),
Instituto Federal de Educação Ciências e Tecnologia do Paraná (IFPR),
Universidade Tecnológica Federal do Paraná (UTFPR),
Universidade Federal do Paraná (UFPR),
Centro Universitário Campos de Andrade (UNIANDRADE),
Centro Universitário Curitiba (UNICURITIBA),
Escola Superior de Estudos Empresariais e Informática (ESEEI),
Faculdade Anchieta de Ensino Superior do Paraná (FAESP),
Faculdade CBES,
Faculdade Claretiana de Teología,
Faculdade de Artes do Paraná (FAP),
Faculdade de Ciências Sociais Aplicadas do Paraná (FACET),
Faculdade de Educação São Braz,
Faculdade de Educação Superior do Paraná (FESPPR),
Faculdade de Odontologia São Leopoldo Mandic (SLMANDIC),
Faculdade de Tecnología CETE,
Faculdade de Tecnología de Curitiba (FATECPR),
Faculdade de Tecnología ENSITEC,
Faculdade de Tecnología Herrero (FATEC),
Faculdade de Tecnología Inspirar,
Faculdades Pequeno Príncipe (FPP),
Faculdade de Tecnología Integral (CETI),
Faculdade de Tecnología Internacional (FATEC-INTERNACIONAL),
Faculdade de Tecnología Machado de Assis (FAMA),
Faculdade de Tecnología Martinus,
Faculdade de Tecnología Radial Curitiba,
Faculdade de Tecnología Tupy (FTT),
Faculdade de Teología Evangelica (FATEV),
Faculdade Dom Bosco (FDB),
Faculdade São Basílio Magno (FASBAM),
Faculdade São Camilo,
Faculdades Integradas Camões (FICA),
Faculdades Integradas do Brasil (FACBRASIL),
Faculdades Integradas Espírita (FIES),
Faculdades Integradas FAE,
Faculdades Integradas Santa Cruz de Curitiba (FARESC),
Faculdades Opet,
Faculdades Spei,
Faculdade Teológica Batista do Paraná (FTBP),
Faculdade Teológica da Assembléia de Deus (FATADC),
Faculdade Vicentina (FAVI),
Instituto de Esino Superior de Curitiba (IESC),
Instituto Superior de Educação Nossa Senhora de Sion (ISE - SION),
Unidade de Ensino Superior Expoente (UNIEXP),
Universidade Positivo (UP),
Universidade Tuiuti do Paraná (UTP),
Instituto de Pós-Graduação & Graduação (IPOG),
Pontifícia Universidade Católica do Paraná (PUCPR),
Universidade Estadual do Oeste do Paraná (UNIOESTE),
Faculdade Alfa Brasil (FAAB),
Faculdade Assis Gurgacz (FAG),
Faculdade de Ciência Aplicadas de Cascavel (FACIAP),
Faculdade de Ciências Sociais Aplicadas de Cascavel (FCSAC),
Faculdade Dinâmica das Cataratas (UDC),
Faculdade Dom Bosco,
Faculdade União Bandeirante (UNIBAN),
Faculdades Itecne,
Faculdades Opet,
Faculdades Pequeno Príncipe (FPP),
Universidade Paranaense (UNIPAR),
Universidade Estadual de Londrina (UEL),
Centro Universitário Filadélfia (UNIFIL),
Faculdade Arthur Thomas (CESA),
Faculdade de Tecnología IAPEC,
Faculdade de Tecnología Inesul do Paraná (FIPAR),
Faculdade Pitágoras,
Faculdade Teológica Sul Americana (FTSA),
Instituto de Esino Superior de Londrina (INESUL),
Pontifícia Universidade Católica do Paraná (PUCPR),
Universidade do Norte do Paraná (UNOPAR),
Universidade Estadual de Maringá (UEM),
Centro Universitário de Maringá (CESUMAR),
Faculdade Alborada de Tecnología e Educação de Maringá (FAAB),
Faculdade de Tecnología América do Sul,
Instituto Superior de Educação do Paraná (ISEP),
Universidade Estadual de Ponta Grossa (UEPG),
Centro de Ensino Superior Dos Campos Gerais (CESCAGE),
Faculdade Sagrada Familia (FASF),
Faculdade Sant`Ana (IESSA),
Faculdades SECAL,
Instituto Superior de Educação Sant` Ana (ISESA),
Faculdade Nac. de Educação e Ensino Superior do Paraná (FASEESP),
Centro Técnico-Educ. Superior do Oeste Paranaense (CTESOP),
Faculdade Astorga (FAAST),
Faculdade da Fronteira (FAF),
Faculdade de Cafelândia (FAC),
Faculdade Catuaí (ICES),
Instituto Educacional de Castro (INEC),
Faculdade de Campina Grande do Sul (FACSUL),
Faculdade Cenecista de Campo Largo (FACECLA),
Faculdade União de Campo Mourão,
Faculdade de Apucarana (FAP),
Faculdade de Esino Superior de Clevelândia (FESC),
Faculdade Cristo Rei (FACCREI),
Faculdade de Ensino Superior Km 125,
Faculdade Vizinhança Vale do Iguaçu (VIZIVALI),
Univ. Federal da Integração Latino-Americana (UNILA),
Centro de Ensino Superior de Foz de Iguaçu (CESUFOZ),
Faculdade de Economía e Proc. de Dados de Foz do Iguaçu (FEPI),
Faculdades Integradas Anglo - Americano (FIAA),
Faculdade União das Américas,
Faculdades Unificadas de Foz do Iguaçu (UNIFOZ),
Faculdade de Direito Francisco Beltrão (CESUL),
Universidade Estadual do Centro-Oeste (UNICENTRO),
Faculdade Campo Real,
Faculdade do Litoral Paranaense (FLP),
Instituto Superior de Educação de Guaratuba (ISEPE),
'Faculdade de Educação Administração e Tecnología de Ibaiti (FEAT,I)'
Faculdade de Ciência Educacionais e Sistemas Integrados (FACESI),
Faculdade de Tecnología do Vale do Ivaí (FATEC-IVAI),
Faculdades Integradas do Vale do Ivaí,
Faculdade Adventista Paranaense (IAP),
Universidade Estadual do Norte do Paraná (UENP),
Faculdade de Jandaia do Sul (FAFIJAN),
Faculdade Centro Oeste do Paraná (FACEOPAR),
'Faculdade de Cs. Letras e Educ. do Noroeste do Paraná (FACLENOR),'
Faculdade de Filosofia Ciências e Letras de Mandaguari (FAFIMAN),
Faculdade Unilagos,
Faculdade de Ensino Superior de Marecharl C. Rondon (ISEPE),
Faculdade de Ciência e Tecnología (FACITEC),
Faculdade de Agronegócio Paraíso do Norte (FAPAN),
Instituto Superior de Educação do Litaral do Paraná (ISULPAR),
Faculdade de Tecnología e Ciências do Norte do Paraná (FATECIE),
Faculdade de Pato Branco (FADEP),
Faculdade São Judas Tadeu de Pinhas (FAPI),
Faculdade do Centro Do Paraná (UCP),
Faculdade de Realeza (CESREAL),
Faculdade CIODONTO,
Faculdade Unissa de Sarandi (UNISSA),
Faculdade Centro Sul do Paraná,
Faculdade de Ensino Sup. de São Miguel do Iguaçu (FAESI),
Faculdade de Telêmaco Borba (FATEB),
Faculdade Sul Brasil,
Pontifícia Universidade Católica do Paraná (PUCPR),
Faculdade de Tecnología Alfa de Umuarama,
Centro Universitário de União da Vitória (UNIUV),
Faculdades Integradas do Vale do Iguaçu,
Faculdade de Ciência de Wenceslau Braz (FACIBRA),
Centro Federal de Educ. Tec. C. Suckow da Fonesca (CEFET/RJ),
Escola Nacional de Ciências Estatísticas (ENCE),
Instituto Federal do Rio de Janeiro (IFRJ),
Instituto Militar de Engenharia (IME),
Instituto Nacional de Educacão de Surdos (INES),
Instituto Superior de Educação do Rio de Janeiro (ISERJ),
Universidade do Estado do Rio de Janeiro (UERJ),
Universidade Federal do Estado do Rio de Janeiro (UNIRIO),
Universidade Federal do Rio de Janeiro (UFRJ),
Universidade Estadual da Zona Oeste (UEZO),
Centro Universitario Augusto Motta (UNISUAM),
Centro Universitario Carioca (UNICARIOCA),
Centro Universitario Celso Lisboa (UCL),
Centro Universitario da Cidade (UNIVERCIDADE),
Centro Universitario Hermínio da Silveira (UNI IBMR),
Centro Universitario Metodista BENNETT,
Centro Universitario Moacyr Sreder Bastos (UNIMSB),
Conservatório Brasileiro de Música (CBM),
Escola de Direito do Rio de Janeiro,
Escola de Matemática Aplicada (EMAP),
Escola Superior de Ensino Helena Antipoff (ESEHA),
Escola Superior de Negocios Trevisan,
Escola Superior de Propaganda e Marketing (ESPM),
Escola Superior Nacional de Seguros (ESNS),
Faculdade Angel Vianna (FAV),
Faculdade Batista do Estado do Rio de Janeiro (FABERJ),
Faculdade Batista do Rio de Janeiro (FABAT),
Faculdade Béthencourt da Silva (FABES),
Faculdade Bezerra de Araújo (FABA),
Faculdade CCAA,
Faculdade Brasileira de Educação e Cultura (FABEC),
Faculdade de Ciências Agro - Ambientais (FAGRAM),
Faculdade de Cs. Médicas e Paramédicas Fluminense (SEFLU),
Faculdade IBMEC,
Instituto de Pós-Graduação & Graduação (IPOG),
Faculdade de Informática Lemos de Castro (FILC),
Faculdade de Reabilitação da Asce (FRASCE),
Faculdade de Tecnologia SENAC,
'Faculdade Evangélica de Tecnologia Ciências e Biotec. (FAECAD),
Faculdade Gama e Souza (FGS),
Faculdade Germário Dantas (FGD),
Faculdade Integrada AVM,
Faculdade Internacional Signorelli,
Faculdade Machado de Assis (FAMA),
Faculdade Mercúrio (FAMERC),
Faculdade Moraes Junior (FMJ),
Faculdade Pinheiro Guimarães (FAPG),
Faculdade São Bento,
Faculdade São Camilo,
Faculdade São José (FSJ),
Faculdade São Judas Tadeu (FSJT),
Faculdade SENAI/CETIQT,
Faculdades Integradas Campo-Grandenses (FIC),
Faculdades Integradas de Jacarepaguá (FIJ),
Faculdades Integradas Hélio Alonso (FACHA),
Faculdades Integradas Silva e Souza (FAU),
Faculdades Integradas Simonsen (FIS),
Faculdade Teológica Evangélica do Rio de Janeiro (FATERJ),
Fundação Técnico - Educacional Souza Marques (FTESM),
Fundação Getulio Vargas (FGV),
Insitituto Infnet,
Insitituto Isabel,
Insituto Superior de Educação Pró-Saber (ISEPS),
Insituto Superior de Informática (ISI),
Trevisan Escola de Negocios,
Universidade Cândido Mendes (UCAM),
Universidade Castelo Branco (UCB),
Universidade Estácio de Sá,
Universidade do Grande Rio (UNIGRANRIO),
Universidade Gama Filho (UGF),
Universidade Santa Úrsula (USU),
Universidade Severino Sombra (USS),
Universidade Veiga de Almeida (UVA),
Pontifícia Universidade Católica do Rio de Janeiro (PUCRIO),
Centro Brasileiro de Pesquisas Físicas (CBPF),
União das Instituições Eduçacionais do Estado de São Paulo (UNIES,P)
Comissão Nacional de Energia Nuclear (CNEN),
Faculdade União Araruama de Ensino,
Centro Universitario de Barra Mansa (UBM),
Centro Universitario ABEU (UNIABEU),
Faculdade de Belford Roxo (FABEL),
Instituto Superior de Educ. Bom Jesus do Itabapoana (ISEBJI),
Escola Brasileira de Administração Pública e de Empresas (EBAPE),
Faculdade da Região Dos Lagos (FERLAGOS),
Instituto Superior de Educação Prof. A. Muylaert (ISEPAM),
Universidade Estadual do Norte Fluminense (UENF),
Centro Universitario Fluminense (UNIFLU),
Faculdade de Medicina de Campos (FMC),
Insituto Sup. de Educ. Nossa Senhora Auxiliadora (ISECENSA),
'Faculdade de Filosofía Cs. e Letras de Duque de Caixas (FFCLDC),
Faculdade FLAMA,
Faculdade de Educação de Itaboraí (FEITA),
Faculdade Cenecista (CNEC),
Faculdade OMNI,
Centro Universitario São José de Itaperuna,
Faculdade Redentor (FACREDENTOR),
Fundação Universitaria de Itaperuna (FUNITA),
Universidade de Nova Iguaçu (UNIG),
Faculdade Prof. Miguel Angelo da Silva (FEMASS),
'Faculdade de Filosofía Ciências e Letras de Macaé (FAFIMA),
Faculdade Salesiana Maria Auxiliadora (FSMA),
Fundação Oswaldo Cruz (FIOCRUZ),
Universidade Federal Fluminense (UFF),
Centro Universitario Plínio Leite (UNIPLI),
Conservatório Brasileiro de Música de Niterói (CMN),
Faculdade La Salle,
Faculdades Integradas Maria Thereza (FAMATH),
Faculdade de Filosofía Santa Dorotéia (FFSD),
Universidade de Nova Iguaçu (UNIG),
Faculdade Arthur Sá Earp Neto (FASE),
Insituto Teológico Fransiscano (ITF),
Universidade Católica de Petrópolis (UCP),
Faculdade Metropolitana São Carlos (FAMESC),
Associação Educacional Dom Bosco (AEDB),
Faculdade Santo Antônio de Pádua (FASAP),
Faculdade de Tecnología São Gonçalo (FATESG),
Faculdade Paraíso (FAP),
Insituto Superior de Cs. Humanas e Sociais Anísio Teixeira (ISAT),
Universidade Salgado de Oliveira (UNIVERSO),
Faculdade São Fidelis (FSF),
Universidade de Nova Iguaçu (UNIG),
Faculdade de Educação Silva Serpa (FASS),
Universidade Federal Rural do Rio de Janeiro (UFRRJ),
Centro Universitario Serra dos Orgãos (UNIFESO),
Faculdade São Camilo,
Centro de Ensino Superior de Valença (CESVA),
Centro Universitario de Volta Redonda (UNIFOA),
Centro Universitario Geraldo di Biase (UGB),
Faculdade Sul Fluminense (FASF),
Universidade Federal do Rio Grande do Norte (UFRN),
Instituto Federal do Rio Grande do Norte (IFRN),
Instituto de Educação Superior Presidente Kennedy (IFESP),
Faculdade de Ciências e Tecnologías de Natal (FACITEN),
Faculdade de Cs. Cultura e Extensão do Rio Grande so Norte (FACEX,)
Faculdade de Cs. Empresariais e Estudos Costeiros de Natal (FACEN,)
Faculdade de Excelência Educacional do Rio Grande do Norte (FATER,N)
Faculdade de Natal (FAL),
Faculdade Dom Heitor Sales,
Faculdade Maurício de Nassau,
Faculdade Natalense de Ensino e Cultura (FANEC),
Faculdade Natalense para o Desenv. do Rio Grande do Norte (FANR),
Instituto de Ensino Superior do Rio Grande do Norte (IESRN),
Instituto Natalense de Educação Superior (INAES),
Instituto de Pós-Graduação & Graduação (IPOG),
Universidade do Estado do Rio Grande do Norte (UERN),
Universidade Federal Rural do Semi-Árido (UFERSA),
Faculdade de Cs. e Tecnologia Mater Christi,
Faculdade Diocesana de Mossoró,
Universidade Potiguar (UNP),
Faculdade de Teologia Cardeal Eugênio Sales (FCS),
Faculdade Católica Santa Teresinha (FCST),
Faculdade Do Seridó (FAS),
Faculdade Evolução Alto Oeste Potiguar (FCEP),
Faculdade União Americana,
Universidade Federal de Rondônia (UNIR),
Instituto Federal de Rondônia (IFRO),
Faculdade Católica de Rodndônia (FCR),
Faculdade de Ciências Administrativas e de Tecnologia (FATEC),
Faculdade de Educação de Porto Velho (UNIRON),
Faculdade de Porto Velho (FIP),
Faculdade de Rondônia (FARO),
Faculdade de Tecnología São Mateus (FATESM),
Faculdade Madeira Mamoré (FAMMA),
Faculdade Metropolitana (UNNESA),
Faculdade São Lucas (FSL),
Faculdades Integradas Apraício Carvalho (FIMCA),
Instituto Metodista da Amazônia (IMAM),
Instituto Luterano de Ensino Superior de Porto Velho (ILES),
Faculdade Teológica de Ciências Humanas e Sociais Logos (FAETEL),
Faculdades Integradas de Ariquemes (FIAR),
Instituto Superior de Rondônia (IESUR),
Faculdade de Educação e Meio Ambiente (FAEMA),
Faculdade de Ciências Biomédicas de Cacoal (FACIMED),
Faculdade Santo Andre (FASA),
Faculdade de Educação de Colorado do Oeste (FAEC),
Faculdade de Educação de Jaru (UNICENTRO),
Faculdade Marechal Cândido Rondon (FAMAR),
Faculdade Panamericana de Ji-Paraná,
Universidade Luterana do Brasil (ULBRA),
Faculdade de Machadinho do Oeste (FAMAC),
Faculdade de Ouro Preto do Oeste (ONEOURO),
Faculdade de Pimenta Bueno (FAP),
Faculdade de Rolim de Moura (FAROL),
Faculdade São Paulo (FSP),
Faculdade AVEC,
Faculdade da Amazônia (FAMA),
Faculdades UNESC,
Instituto Federal de Roraima (IFRR),
Universidade Federal de Roraima (UFRR),
Universidade Estadual de Roraima (UERR),
Universidade Estácio de Sá,
Faculdade Cathedral (FACES),
Faculdade Cs. Educação e Tecnologia do Norte do Brasil (FACETEN),
Faculdade Teológica de Ciências Humanas e Sociais Logos (FAETEL),
Faculdade de Teologia de Boa Vista (FATEBOV),
Faculdade Roraimense de Ensino Superior (FARES),
Universidade Federal do Rio Grande do Sul (UFRGS),
Universidade Estadual do Rio Grande do Sul (UERGS),
Univ. Federal de Ciências da Saúde Porto Alegre (UFCSPA),
Centro Universitario Metodista (IPA),
Centro Universitario Ritter dos Reis (UNIRITTER),
'Escola Superior de Administração Direito e Economia (ESADE)',
Escola Superior de Propaganda e Marketing (ESPM),
Escola Superior de Teología e Espiritualidade Franciscana (ESTEF),
Faculdade Decisión de Negocios,
Faculdade de Direito da Funda. Escola Sup. do Ministério Público,
Faculdade de Odontologia São Leopoldo Mandic (SLMANDIC),
Faculdade de Tecnologia do Cooperativismo (ESCOOP),
Faculdade de Tecnologia ITEPA (FATEPA),
Faculdade de Tecnologia Pastor Dohms (TECNODOHMS),
Faculdade de Tecnologia Saint Pastous (FSP),
Faculdade de Tecnologia SENAI,
Faculdade IBGEN,
Faculdade IDC,
Faculdade Monteiro Lobato (FATO),
Faculdade Porto - Alegrense (FAPA),
Faculdade São Camilo,
Faculdade São Francisco de Assis (UNIFIN),
Faculdade SOGIPA de Educação Física,
Faculdades Integradas São Judas Tadeu (SJT),
Faculdades Integradas FAE,
Faculdades Riograndenses (FARGS),
Universidade do Vale do Rio dos Sinos (UNISINOS),
Pontifícia Universidade Católica Rio Grande do Sul (PUCRS),
Instituto de Pós-Graduação & Graduação (IPOG),
Faculdade CBES,
Faculdade América Latina,
Faculdade Anhaguera,
Faculdade da Serra Gaúcha (FSG),
Faculdade de Tecnologia TECBRASIL,
Faculdade Dos Imigrantes (FAI),
Faculdade Murialdo (FAMUR),
Faculdade Nossa Senhora de Fátima,
Instituto de Educação em Negócios (IEN),
Universidade de Caxias do Sul (UCS),
Faculdade Anhaguera,
Faculdade de Tecnologia SENAC,
Faculdade de Tecnologia e Ciências Humanas (ITEPA),
Faculdade Ecoar (FAECO),
Faculdade de Saúde do Rio Grande do Sul (FASURGS),
Faculdade Meriodional (IMED),
Faculdades João Paulo II (FJP),
Faculdades Integradas Anglo - Americano (FIAA),
Instituto Superior de Educação IVOTI (ESEI),
Universidade de Passo Fundo (UPF),
Faculdade Luterana São Marcos (FALSM),
Universidade Federal do Pampa (UNIPAMPA),
Universidade da Região de Campanha (URCAMP),
Instituto Federal do Rio Grande do Sul (IFRS),
Faculdade Cenecista (CNEC),
Faculdade de Tecnologia da Serra Gaúcha (FTSG),
Faculdade INEDI (CESUCA),
Faculdade Camaqüense de Cs. Contábeis e Administrativas (FACCCA),
Faculdade de Formação de Prof. e Especialistas de Educ. (FAFOPEE),
Escola Superior de Hoteleria Castelli (ESH),
Faculdade La Salle,
Universidade Luterana do Brasil (ULBRA),
Faculdade de Tecnologia IPUC (FATIPUC),
Centro Universitario Ritter dos Reis (UNIRITTER),
Universidade Federal do Rio Grande (FURG),
Universidade de Cruz Alta (UNICRUZ),
Faculdade Anglicana,
Univer. Regional Integrada do Alto Uruguai e das Missões (URI),
Centro de Ensino Superior Cenecista de Farroupilha (CESF),
Faculdade de Integração do Ensino Superior do Cone Sul (FISUL),
Faculdade IDEAU,
Faculdade de Tecnologia de Gravatí (FAQI),
Faculdade Horizontina (FAHOR),
Faculdade Batista Pionera,
Universidade Regional do Noro. do E. do Rio Grande do Sul (UNIJUI,)
Instituto Superior de Filosofia Berthier (IFIBE),
Centro Universitário Univates,
Faculdade de Adm. da Associação Brasilense de Educação (FABE),
Faculdade Novo Hamburgo (IENH),
Universidade FEEVALE,
Universidade Federal de Pelotas (UFPEL),
Faculdade Anhaguera,
Universidade Católica de Pelotas (UCPEL),
Faculdade Antônio Meneghetti (AMF),
Faculdade Anhaguera,
Faculdade Dom Alberto (FDA),
Universidade de Santa Cruz do Sul (UNISC),
Universidade Federal de Santa Maria (UFSM),
Centro Universitario Franciscano (UNIFRA),
Centro Universitario Metodista (IPA),
Faculdade de Direito de Santa Maria (FADISMA),
Faculdade Integrada Santa Maria (FISMA),
Faculdade Palotina (FAPAS),
Faculdades Integradas Machado de Assis (FEMA),
Faculdades FAISA,
Faculdades Equipe (FAE),
Escola Superior de Teología (EST),
Faculdade Teológica de Ciências Humanas e Sociais Logos (FAETEL),
Faculdade de Educ. e Tec. da Região Missioneira (FETREMIS),
Faculdade Anglicana,
Faculdades de Taquara (FACCAT),
Faculdade Três de Maio (SETREM),
Universidade do Estado de Santa Catarina (UDESC),
Universidade Federal de Santa Catarina (UFSC),
Instituto Federal de Santa Catarina (IFSC),
Faculdade BARDDAL,
Faculdade Borges de Mendonça (FBM),
Faculdade de Ciências Sociais de Florianópolis (FCSF),
Faculdade Decisão (FADEC),
Instituto de Pós-Graduação & Graduação (IPOG),
Faculdade Energia de Administração e Negócios (FEAN),
Faculdades Integradas ASSESC,
Universidade do Sul de Santa Catarina (UNISUL),
Faculdade FUTURÃO,
Universidade do Sul de Santa Catarina (UNISUL),
Faculdade AVANTIS,
Universidad Regional de Blumenau (FURB),
Faculdade de Tecnologia SENAC,
Faculdade de Tecnologia SENAI,
Faculdade de Tecnologia SENAI,
Centro Universitario de Brusque (UNIFEBE),
Faculdade São Luiz (FSL),
Faculdade de Tecnologia de Santa Catarina (FATESC),
Universidade Alto Vale do Rio do Peixe (UNIARP),
Faculdade Metropolitana do Planalto Norte (FAMEPLAN),
Universidade do Contestado (UNC),
Faculdade CAPIVARI (FUCAP),
Faculdade Concórdia (FACC),
Faculdade de Tecnologia Pedro R. Gracía (FATTEP),
Universidade Federal da Fronteira do Sul (UFFS),
Universidade do Oeste de Santa Catarina (UNOESC),
Faculdade Empresarial de Chapecó (FAEM),
Faculdades Integradas Anglo - Americano (FIAA),
Universidade Comunitaria da Região de Chapecó (UNOCHAPECO),
Universidade do Extremo Sul de Santa Catarina (UNESC),
Escola Superior de Criciúma (ESUCRI),
Faculdade de Ciências Económicas da Região Carbonifera (FACIERC),
Faculdade de Tecnologia Michel (FATEMI),
Faculdade SATC,
Faculdade Metropolitana de Guaramirim (FAMEG),
Centro Universitario Leonardo Da Vinci (UNIASSELVI),
Universidade do Vale do Itajaí (UNIVALI),
Faculdade de Itapiranga (FAI),
Centro Universitario Católica de Santa Catarina,
Faculdade Jangada (FJ),
Centro Evangélico de Educação e Cultura (CEEDUC),
Faculdade Anhaguera,
Faculdade Cenecista (CNEC),
Faculdade de Tecnologia Assessoritec,
Faculdade Guilherme Guimbala (FGG),
Instituto de Ensino Superior Santo Antônio (INESA),
Instituto Superior e Centro Educacional Luterano (IELUSC),
Univ. da Região de Joinville (UNIVILLE),
Centro Universitario UNIVEST,
Universidade Planalto Catarinense (UNIPLAC),
Centro Universitario Barriga Verde (UNIBAVE),
Faculdade Municipal de Palhoça (FMP),
Faculdade de Tecnologia Nova Palhoça (FATENP),
Faculdade Regional Palmitos (FAP),
Faculdade Pinhalzinho (HORUS),
Faculdade Porto das Águas (FAPAG),
Universidade do Contestado (UNC),
Centro Universitario do Alto Vale do Itajaí (UNIDAVI),
Faculdade Ação,
Sociedade Educacional de Santa Catarina (SOCIESC),
Faculdade de Tecnología Tupy (FTT),
Faculdade Luterana de Teología (FLT),
Univ. da Região de Joinville (UNIVILLE),
Universidade Municipal de São José (USJ),
Escola Superior de Educação Corporativa (ESEC),
Faculdade de Santa Catarina (FASC),
Faculdade União Bandeirante (UNIBAN),
Instituto de Ensino Superior da Grande Florianópolis (IES),
Universidade Estácio de Sá,
Faculdade SINERGIA,
Faculdade Cenecista Fayal de Ensino Superior (IFES),
Faculdade de Ciências Sociais Aplicadas (CELER),
Instituto Federal de Sergipe (IFS),
Faculdade Amadeus (FAMA),
Faculdade Atlántico (FA),
Faculdade de Administração e Negócios de Sergipe (FANESE),
Faculdade de Aracaju (FACAR),
Instituto de Pós-Graduação & Graduação (IPOG),
Faculdade de Ciências Educacionais de Sergipe (FCES),
Faculdade Pio Décimo (FPD),
Faculdade São Luís de França (FSLF),
Faculdade Sergipana (FASER),
Faculdade Serigy (FASERGY),
Faculdade Tobias Barreto (FTB),
Universidade Tiradentes (UNIT),
Faculdade Dinâmica das Cataratas (UDC),
Faculdade José Augusto Vieira (FJAV),
Universidade Federal de Sergipe (UFS),
Instituto Federal de São Paulo (IFSP),
Fundação Dom Cabral (FDC),
Universidade do ABC (UFABC),
Universidade Federal de São Paulo (UNIFESP),
Universidade Paulista Júlio de Mesquita Filho (UNESP),
Centro Universitário Adventista de São Paulo (UNASP),
Centro Universitário Assunção (UNIFAI),
Centro Universitário Belas Artes de São Paulo (FEBASP),
Centro Universitário Capital (UNICAPITAL),
Centro Universitário das Faculdades Metropolitanas Unidas (FMU),
Centro Universitário de Araraquara (UNIARA),
Centro Universitário FECAP,
Centro Universitário Ítalo - Brasileiro (UNÍTALO),
Centro Universitário Paulistano (UNIPAULISTA),
Centro Universitário Salesiano de São Paulo (UNISAL),
Centro Universitário São Camilo,
Centro Universitário FIAMFAAM,
Conservatório Dramático Musical São Paulo (CDMSP),
Escola da Cidade,
Escola Dominicana de Teología (EDT),
Escola Paulista de Direito (EPDEC),
Escola Superior de Adminitração (HSM),
Escola Superior de Artes Célia Helena,
Escola Superior de Engenharía e Gestão de São Paulo (ESEG),
Escola Superior de Propaganda e Marketing (ESPM),
Escola Superior Nacional de Seguros (ESNS),
Faculdade Albert Einstein de São Paulo (FAESP),
Faculdade Anglo Latino (FAL),
Faculdade Associada Brasil (FAB),
Faculdade Autónoma de Direito (FADISP),
Faculdade Cásper Líbero (FCL),
Faculdade Cruz Azul (FACRAZ),
Faculdade das Américas (FAM),
Faculdade de Administração e Ciências Contábeis Luzwell,
Faculdade de Administração São Paulo (FAPI),
Faculdade de Ciências da Saúde de São Paulo (FCIS),
Faculdade de Ciências Médicas da Santa Casa São Paulo (FCMSCSP),
Faculdade de Direito Prof. Damásio de Jesus (FDDJ),
Faculdade de Educação Costa Braga (FCB),
Faculdade de Educação e Ciências Gerenciais de São Paulo (FECG),
Faculdade de Educação e Cultura Montessori (FAMEC),
Faculdade de Enfermagem do Hospital Israelita A. Einstein (FEHIAE,)
Faculdade de Engenharia de São Paulo (FESP),
Faculdade de Informática e Administração Paulista (FIAP),
Faculdade de Música Carlos Gomez (FMCG),
Faculdade de Música Souza Lima (FMSL),
Faculdade de São Bento (FSB),
Faculdade de Tecnologia Álvares de Azevedo (FAATESP),
Faculdade de Tecnologia Bandeirantes (BANDTEC),
Faculdade de Tecnologia Diamante (FATED),
Fac. de Tec. em Hoteleria Gastro. e Turismo de São Paulo (HOTEC),
Faculdade de Tecnologia FINACI,
Faculdade de Tecnologia IBTA,
Faculdade de Tecnologia Interamérica (FTI),
Faculdade de Teo. da Igreja Presbiteriana Independiente (FATIPI),
Faculdade de Teologia Umbandista (FTU),
Faculdade do Povo (FAP),
Faculdade Evangélica de São Paulo (FAESP),
Faculdade FIPECAFI,
Faculdade Flamingo,
Faculdade Guaianás (FAG),
Faculdade Impacta de Tecnologia (FIT),
Faculdade Independente Butantã (FIB),
Faculdade Integral Cantareira (FIC),
Faculdade Interlagos de Educação e Cultura (FINTEC),
Faculdade Legale (FALEG),
Faculdade CBES,
Faculdade Mario de Andrade (FMA),
Faculdade Meassiânica,
Faculdade Método de São Paulo (FAMESP),
Faculdade Módulo,
Faculdade Morumbi Sul (FMS),
Faculdade Mozarteum de São Paulo (FAMOSP),
Faculdade Mundial,
Faculdade Paulista de Artes (FPA),
Faculdade Paulista Ciências Aplicadas (FPCA),
Faculdade Paulista de Pesquisa e Ensino Superior (FAPPES),
Faculdade Paulista de Serviço Social (FAPSS),
Faculdade Paulus de Tecnologia e Comunicação (FAPCOM),
Faculdade Práxis (FIPEP),
Faculdade Santa Marcelina (FASM),
Faculdade Santa Rita,
Faculdade São Paulo (FACSP),
Faculdade Sequencial,
Faculdade Sumaré,
Faculdade Tancredo Neves (FTN),
Faculdade Teológica Batista de São Paulo (FTBSP),
Faculdade Teológica de Ciências Humanas e Sociais Logos (FAETEL),
Faculdade União (FTBSP),
Faculdade Zumbi dos Palmares (FAZP),
Faculdade União Bandeirante (UNIBAN),
Faculdade Reuninda (FAR),
Faculdades Associadas de São Paulo (FASP),
Faculdades Integradas de São Paulo (FISP),
Faculdades Integradas Paulista (FIP),
Faculdades Integradas Rio Branco (FRB),
Faculdades Integradas Tibiriçá (FATI),
Faculdades Oswaldo Cruz (FOC),
Fundação Armando Alvares Penteado (FAAP),
Fundação Escola de Sociología e Política de São Paulo (FESPSP),
Fundação Getulio Vargas (FGV),
Fundação Instituto de Administração (FIA),
Insituto de Ensino e Pesquisa (INSPER),
Instituto Europeo de Desing (IED),
Instituto Nacional de Pós-Graduação (INPG),
Instituto São Paulo de Enstudos Superiores (ITESP),
Instituto Superior de Educação Alborada Plus (ISEAP),
Instituto Superior de Educação de São Paulo (SINGULARIDADES-ISESP,)
Instituto Superior de Educação Vera Cruz (ISEVC),
Panamericana Escola de Arte e Design,
Pontifícia Universidade Católica de São Paulo (PUCSP),
SENAI - Servico Nacional de Aprendizagem Industrial,
Trevisan Escola de Negocios,
Universidade Anhembi Morumbi,
Universidade Braz Cubas (UBC),
Universidade Bandeirantes de São Paulo (UNIBAN),
Universidade Camilo Castelo Branco (UNICASTELO),
Universidade Cidade de São Paulo (UNICID),
Universidade Cruzeiro do Sul,
Universidade de Guarulhos (UNG),
Universidade de Santo Amaro (UNISA),
Universidade de São Paulo (USP),
Universidade do Oeste Paulista (UNOESTE),
Universidade Ibirapuera (UNIB),
Universidade Mackenzie,
Universidade Metodista de São Paulo,
Universidade Nove de Julho (UNINOVE),
Universidade Paulista (UNIP),
Universidade São Francisco (USF),
Universidade São Marcos,
Universidade São Judas Tadeu (USJT),
Instituto Butantan,
Faculdades Integradas Campos Salles (FICS),
Instituto Bandeirante de Educação e Cultura (IBEC),
Escola Superior Aberta do Brasil (ESAB),
Instituto de Pós-Graduação & Graduação (IPOG),
Escola Superior de Negocios Trevisan,
Faculdades Municipal Adamantinenses Integradas (FAI),
Faculdade de Ciências Humanas de Aguaí (FACHA),
Faculdade de Agudos (FAAG),
Faculdade Campos Elíseos(FCE),
Universidade Paulista(UNIP),
Anhanguera,
UNIBTA(IBTA),
CPET,
UNIDERP,
Faculdades de Tecnologia FATEC,
Faculdade de Americana (FAM),
Insituto de Ensino Superior de Americana (IESA),
Insituto de Ensino Superior de Bauru (IESB),
Centro Universitário Amparense (UNIFIA),
Fundação Educacional de Andradina (FEA),
Faculdades Integradas Rui Barbosa (FIRB),
Faculdades Logatti,
Instituto Nacional de Pós-Graduação (INPG),
Universidade Federal de São Carlos (UFSCAR),
Centro Universitário de Araras (UNAR),
Centro Universitário Herminio Ometto de Araaras (UNIARARAS),
Centro Universitário Toledo (UNITOLEDO),
Faculdade da Fundação Educacional Araçatuba (FAC-FEA),
Faculdade de Arujá (FAR),
Instituto Municipal de Ensino Superior de Assis (IMESA),
Faculdade de Administração de Assis (FAA),
Instituto Educacional de Assis (IEDA),
Faculdades Atibaia (FAAT),
Faculdade de Auriflama (FAU),
Faculdade de Ciências Contábeis e Administrativas de Avaré (FACCA,A)
Fundação Regional Educacional de Avaré (FREA),
Faculdade Sudoeste Paulista (FSP),
Faculdade do Interior Paulista (FIP),
Faculdade de Educação Física de Barra Bonita (FAEFI),
Centro Universitário da Fundação Educacional de Barretos (UNIFEB),
Faculdade Barretos (FB),
Faculdade de Ciências da Saúde de Barretos Dr. Paulo Prata (FCSB),
Faculdades Integradas Soares de Oliveira (FISO),
Faculdades Integradas Urubupungá (FIU),
Instituto Superior de Educação de Barretos (ISEB),
Faculdade Alfacastelo (FCGB),
Centro Universitário Claretiano (CEUCLAR),
Universidade Paulista(UNIP),
Anhanguera,
Faculdade Católica Paulista(FACAP),
Universidade Metodista de São Paulo,
Faculdade FTP,
IEO Bauru,
Instituto Monitor,
USC-Universidade do Sagrado Coração,
Faculdade de Bauru,
IESB-Bauru,
ISITEC,
Institução Toledo de Ensino (ITE),
FIB-Bauru,
Instituto Brasileiro de Formação(IBF),
UNIPLAN,
Universidade de Franca(UNIFRAN),
Ensino Superior do Brasil Estácio,
Universidade Santo Amaro(UNISA),
FAM,
Universidade Cruzeiro do Sul(UNICSUL),
UNOPAR,
Unialphaville,
UNICESUMAR,
UNIBTA(IBTA),
Instituto Municipal de Ensino Superior (IMES),
Centro Universitário FAFIBE (UNIFAFIBE),
Faculdade Bertioga (FABE),
Faculdade de Ciências e Tecnología Birigui (FATEB),
Faculdade Metodista,
Centro Universitário da Fundação de Ensino O. Bastos (UNIFEOB),
Faculdades Integradas de Boituva (FIB),
Faculdade Iteana (FIT),
Faculdades Integradas de Botucatu (UNIFAC),
Faculdade de Ciências e Letras de Bragança Paulista (FESB),
Faculdade Canção Nova (FCN),
Faculdade Metropolitana de Caieiras (FMC),
Faculdade Padre Anchieta,
Faculdade Campos Elíseos (FCE),
Universidade Estadual de Campinas (UNICAMP),
Faculdade Birigui (FABI),
Faculdade de Administração de Empresas (FACAMP),
Faculdade de Odontologia São Leopoldo Mandic (SLMANDIC),
Faculdade de Tecnologia BSG-U,
Faculdade Integrada Metropolitana de Campinas (METROCAMP),
Faculdade Nazarena do Brasil (FNB),
Faculdade Politécnica de Campinas (POLICAMP),
Instituto Nacional de Pós-Graduação (INPG),
Pontifícia Universidade Católica de Campinas (PUCCAMP),
Instituto de Educação e Ensino Superior de Campinas (IESCAMP),
Faculdade Campo Limpio Paulista (FACCAMP),
Faculdade Cenecista (CNEC),
Centro Universitário Módulo,
Faculdade Nossa Cidade (FNC),
Faculdade da Aldeia de Carapicuíba (FALC),
Faculdade Casa Branca (FACAB),
Faculdades Integradas Padre Albino (FIPA),
Faculdade de Conchas (FACON),
Faculdade Mario Schenberg (FMS),
Escola Superior de Cruzeiro "Prefeito H. Vieira Mendes" (ESEFIC),
Faculdade de Ciências Humanas de Cruzeiro (FACIC),
Fundação Dracenense de Educação e Cultura (FUNDEC),
Faculdade Reges,
Faculdade Polis,
Centro Universitario de Franca (Uni - FACEF),
Faculdade de Direito de Franca (FDF),
Universidade de Franca (UNIFRAN),
Faculdade de Tecnologia FUNDETEC,
Faculdade Francisco Morato (FFRAMO),
Fundação Educacional de Fernandópolis (FEF),
Faculdade de Agronomia e Engenharia Florestal de Garça (FAEF),
Faculdade de Medicina Veterinária e Zootecnia (FAMED),
Insituto de Ensino Superior de Garça (IESG),
Instituto Superior de Educação de Garça (ISEG),
'Fac. de Adm Cs. Económicas e Contábeis de Guaratinguetá (FACEAG),
Faculdade de Educação de Guaratinguetá (FACEG),
Faculdade Don Doménico,
Centro Universitário Metropolitano de São Paulo (UNIMESP),
Escola Superior Paulista de Administração (ESPA),
Faculdade de Tecnologia ENIAC,
'Fac. Integradas de Cs. Humanas Saúde e Educação de Guarulhos (FG),
Faculdades Integradas Torricelli (FIT),
Universidade Guarulhos (UNG),
Faculdade Adventista de Hortolândia,
'Faculdade de Filosofía Cs. e Letras de Ibitinga (FAIBI),
Faculdade Centro Paulista (FACEP),
Faculdade de Filosofia Ciências e Letras de Ibitinga (FAIBI),
Faculdade Iguapense Santo Augusto (FISA),
Faculdade Cidade Luz (FACILUZ),
Faculdade de Ilha Solteira (FAISA),
Faculdade Reunida (FAR),
Faculdade de Educação e Cs. Gerenciais de Indaiatuba (FECGI),
Faculdade Max Planck,
Faculdade Itanhaém (FAITA),
Faculdade Litoral Sul (FACSUL),
Faculdade de Itapecerica da Serra (FIT),
Faculdade de Ciências Contábeis de Itapetininga (FCCI),
Faculdade de Itapetininga (FI),
Faculdades AEI - OSE,
Faculdades FKB,
Insituto Itapeningano de Ensino Superior (IIES),
Faculdade de Ciências Sociais e Agrárias de Itapeva (FAIT),
Faculdades Integradas de Itararé (FAFIT),
Faculdade de Direito de Itú (FADITU)
Faculdade de Tecnologia César Lattes,
Faculdade Prudente de Moraes (FPM),
Faculdade de Filosofia Ciências e Letras de Ituverava (FFCL),
Faculdade Doutor Francisco Maeda (FAFRAM),
Faculdade INTESP,
Faculdade de Educação São Luís (FESL),
Faculdade de Jaboticabal (FAJAB),
Faculdade de Educação e Tecnologia Thereza Pto. Marques (FAETEC),
Faculdade de Tecnologia São Francisco (FATESF),
Insituto Nacional de Ensino e Pesquisa (INESP),
Faculdade de Jaguariúna (FAJ),
Centro Universitário de Jales (UNIJALES),
Faculdade Eça de Queiros (FACEQ),
Faculdades Integradas do Vale do Ribeira (FIVR),
Faculdades Integradas de Jaú (FIJ),
Faculdade de José Bonifácio (FJB),
Escola Superior de Educação Física de Jundaí (ESEFJ),
Faculdade de Medicina de Jundiaí (FMJ),
Centro Universitário Padre Anchieta (UNIANCHIETA),
Faculdade de Ciências Gerenciais Barão de Jundiaí (FCG),
Faculdade Pitágoras,
Faculdade de Junqueirópolis (ISEJ),
Faculdade Orígenes Lessa (FACOL),
Faculdade de Administração e Artes de Limeira (FAAL),
Instituto Superior de Ciências Aplicadas (ISCA),
Faculdades Integradas Einstein de Limeira (FIEL),
Instituto Nacional de Pós-Graduação (INPG),
Centro Universitário de Lins (UNILINS),
Instituto Superior de Educação Auxilium,
Faculdades Integradas Teresa D Ávila (FATEA),
Centro de Ensino da Alta Paulista (CEALPA),
Faculdade de Tecnologia Paulista,
Instituto Mairiporã (IMENSU),
Faculdade de Medicina de Marília (FAMEMA),
Centro Universitário Eurípides de Marília (UNIVEM),
Faculdade de Ensino Superior do Interior Paulista (FAIP),
Faculdade João Paulo II (FAJOPA),
Universidade de Marília (UNIMAR),
Instituto Matonense Municipal de Ensino Superior (IMMES),
Faculdade de Desenho de Mauá (FADIM),
Faculdade de Maúa (FAMA),
União das Escolas do Grupo FAIMI de Educação,
Faculdades da Fundação de Ensino de Mococa (FAFEM),
Faculdade de Filosofia e Tecnologia Paulo VI (FFTP),
Faculdade do Clube Náutico Mogiano (FCNM),
Universidade de Mogi das Cruzes (UMC),
Faculdades Municipal Prof. Franco Montoro (FMPFM),
Faculdade Mogiana do Estado de São Paulo (FAMOESP),
Faculdades Integradas María Imaculada (FIMI),
Instituição de Ensino São Francisco (IESF),
Faculdade de Monte Alto (FMA),
Fac. de Educ. Cs. e Artes Dom Bosco de Monte Aprazível (FAECA),
Faculdade Network (NWK),
Faculdade EDUVALE,
Faculdade Ernesto Riscali (FAER),
Faculdade de Orlândia (FAO),
Fundação Instituto Tecnológico de Osasco (FITO),
Centro Universitário FIEO (UNIFIEO),
Faculdade Fernão Dias (FAFE),
Faculdade João Paulo Primeiro (FAJOPP),
Universidade Estácio de Sá,
Faculdades Integradas de Ourinhos (FIO),
Faculdade Gammon,
Faculdade de Paulínia (FACP),
Faculdade Gennari e Peartree (FGP),
Faculdade Peuríbe (FPBE),
Faculdade de Saúde de São Paulo (FSSP),
Fundação Educacional de Penápolis (FUNEPE),
Faculdade de Pindamonhangaba (FAPI),
Faculdade Santa Cecilia (FASC),
Escola de Engenharia de Piracicaba (EEP),
Fundação Municipal de Ensino de Piracicaba (FUMEP),
Faculdade de Tecnologia de Piracicaba (FATEP),
Universidade Metodista de Piracicaba (UNIMEP),
Instituto Nacional de Pós-Graduação (INPG),
Faculdade Corporativa CESPI (FACESPI),
Faculdade de Filosofia Ciências e Letras de Piraju (FAFIP),
Faculdade de Engenharia e Agrimensura de Pirassununga (FEAP),
Faculdade de Tecnologia Ciëncias e Educação (FATECE),
Faculdade de Tecnologia Porto das Monções (FAMO),
Escola Superior de Tecnología e Educação,
Faculdade Alfa (FA),
Faculdade de Tecnologia Porto Sul (FAPS),
Faculdade do Litoral Paulista (FALS),
Fac. Integradas Antônio E. de Toledo de Pte. Prudente (FIAETPP),
Faculdade Ranchariense (FRAN),
Faculdades Integradas de Riberão Pires (FIRP),
Centro Universitário Barão de Mauá (CBM),
Centro Universitário UniSEB,
Centro Universitário Moura Lacerda (CUML),
Faculdade Filadélfia (FAFIL),
Insituto de Ensino Superior de Formação Professional,
Universidade de Ribeirão Preto (UNAERP),
Faculdade de Tecnologia FATEP,
Faculdades Claretianas (FC),
Faculdade de Administração de Empresas IBRAFEM,
Centro de Ensino Superior de Primavera (CESPRI),
Faculdade de Roseira (FARO),
Centro Universitário Nossa Senhora do Patrocínio (CEUNSP),
Faculdade Sant` Anna (FASAS),
Faculdade Politec (FAP),
Faculdade de Admi. de S. Cruz do Rio Pardo (FASC),
Faculdade de Filosofia Ciências e Letras Carlos Queiroz (FAFIL),
Faculdades Integradas de Santa Fé do Sul (FUNEC),
Faculdade HSM,
Centro Reg. Universitário de Espírito Santo do Pinhal (UNIPINHAL),
Centro Universitário Fundação Santo André (CUFSA),
Escola Superior de Adminitração e Gestão (ESAGS),
Faculdade Anhanguera,
Faculdade de Medicina do ABC (FMABC),
Faculdade de Tecnologia Jardim (FATEJ),
Faculdade de Tecnologia Pentágono (FATEP),
Faculdades Integradas Coração (FAINC),
Faculdades Integradas de Santo André (FEFISA),
Universidade do Grande ABC (UNIABC),
Centro Universitário Lusíada (UNILUS),
Centro Universitário Monte Serrat (UNIMONTE),
Escola Superior  de Adm. Marketing e Comunicação (ESAMC),
Universidade Católica de Santos (UNISANTOS),
Universidade de Santa Cecília (UNISANTA),
Universidade Metropolitana de Santos (UNIMES),
Faculdade de Direito de São Bernardo do Campo (FDSBC),
Centro Universitário da Fundação Educ. de Iniciana (FEI),
Faculdade de São Bernardo do Campo (FASB),
Faculdade de Tecnologia Termomecânica (FTT),
Faculdade FAPAN,
Faculdade Interação Americana (FAINAM),
Universidade Municipal de São Caetano do Sul (USCS),
Faculdade Tijucussu,
Instituto Mauá de Tecnología (IMT),
Universidade Federal de São Carlos (UFSCAR),
Centro Universitário Central Paulista (UNICEP),
Faculdade de Ciências Gerenciais,
Centro Univ. de Faculdades Associadas de Ensino (UNIFAE),
Instituto Nacional de Pós-Graduação (INPG),
Faculdade Euclides da Cunha (FEUC),
Faculdade de Medicina de São José do Rio Preto (FAMERP),
Centro Universitário do Norte Paulista (UNORP),
Faculdade Ceres (FACERES),
Faculdade de Tecnologia TECMED,
Faculdade FACMIL,
Faculdades Integradas Dom Pedro II,
Instituto Nacional de Pós-Graduação (INPG),
Instituto Tecnológico de Aeronáutica (ITA),
Escola Superior de Adminitração de Empresas (INEA),
Faculdade de São José Dos Campos (BILAC),
Faculdades ETEP,
Universidade do Vale do Paraíba (UNIVAP),
Instituto Nacional de Pesquisas Espaciais (INPE),
Faculdade Marechal Rondon (FMR),
Faculdade de Administração e Cs. Contábeis de São Roque (FACCSR),
União das Instituições Eduçacionais do Estado de São Paulo (UNIESP),
Faculdade São Sebastião (FASS),
Faculdade de São Vicentes (UNIBR),
Faculdade de Tecnologia FATEF,
Faculdade Semar,
Faculdade 15 de Agosto (FAQ),
Universidade Federal de São Carlos (UFSCAR),
Faculdade de Direito de Sorocaba (FADI),
Faculdade de Educação Física de Sorocaba (FEFISO),
Faculdade Ipanema,
Insituto Manchester Paulista de Ensino Superior (IMAPES),
Universidade de Sorocaba (UNISO),
Faculdade Piaget,
Faculdade Unida de Suzano (UNISUZ),
Instituto Taquaritinguense de Ensino Superior (ITES),
Faculdade de Desenho de Tatuí (FDT),
Faculdade de Ensino Superior Santa Barbara (FAESB),
Universidade de Taubaté (UNITAU),
Faculdade Dehoiana,
Instituto Taubaté de Ensino Superior (ITES),
Faculdade Carlos Drummond,
Faculdade da Alta Paulista (FAP),
Faculdades ESEFAP,
Instituto Superior de Educação de Tupi Paulista (ISETP),
Faculdade de Vinhedo (FV),
Centro Universitário de Votuporanga (UNIFEV),
Faculdade Futura,
Universidade Federal do Tocantins (UFT),
Universidad do Tocantins (UNITINS),
Instituto Federal do Tocantins (IFTO),
Instituto de Pós-Graduação & Graduação (IPOG),
Faculdade de Palmas (FAPAL),
Faculdade de Tecnologia de Palmas (FTP),
Faculdade ITOP,
Faculdade Serra do Carmo (FASEC),
Faculdade Teológica de Ciências Humanas e Sociais Logos (FAETEL),
Instituto de Ensino e Pesquisa Objetivo (IEPO),
Universidade Luterana do Brasil (ULBRA),
Universidade Federal do Tocantins (UFT),
Faculdade Católica Dom Orione (FACDO),
Faculdade ITPAC,
Faculdade Integrada de Araguatins (FAIRA),
União das Instituições Eduçacionais do Estado de São Paulo (UNIESP),
Faculdade Guaraí (FAG),
Faculdade para o Desenvolvimento do Sudoeste Tocatiense (FADES),
Centro Universitario UNIRG,
Universidade Federal do Tocantins (UFT),
Universidade Regional de Gurupi (UNIRG),
Faculdade de Educaçao Ciências e Letras de Paraíso (FACIPAR),
Faculdade de Adm. de Empresas de Paraíso do Tocantins (FAP),
Faculdade Rio Sono (RISO),
Universidade Federal do Tocantins (UFT),
Faculdade São Marcos (FASAMAR),
Faculdade ITPAC,